"samplesize","run","Num_Round","LearningRate","Accuracy","AUC","Concordance"
5000,1,100,0.005,0.7068,0.770244,0.770244
5000,1,100,0.01,0.7062,0.77252832,0.77252816
5000,1,100,0.03,0.7108,0.7764228,0.77642272
5000,1,100,0.05,0.7088,0.78335552,0.78335552
5000,1,100,0.07,0.7158,0.78655888,0.78655888
5000,1,100,0.1,0.7212,0.78652016,0.78652016
5000,1,200,0.005,0.7068,0.7715312,0.7715312
5000,1,200,0.01,0.7098,0.7735996,0.77359952
5000,1,200,0.03,0.7234,0.7940956,0.79409552
5000,1,200,0.05,0.6856,0.76729528,0.7672952
5000,1,200,0.07,0.712,0.79914408,0.799144
5000,1,200,0.1,0.7272,0.79691264,0.79691264
5000,1,300,0.005,0.7076,0.7724584,0.7724584
5000,1,300,0.01,0.708,0.77711584,0.77711584
5000,1,300,0.03,0.7368,0.7987768,0.7987768
5000,1,300,0.05,0.7118,0.79050112,0.79050112
5000,1,300,0.07,0.7158,0.78985432,0.78985424
5000,1,300,0.1,0.7244,0.79801232,0.79801232
5000,1,400,0.005,0.7138,0.78379912,0.78379904
5000,1,400,0.01,0.7192,0.79238256,0.79238256
5000,1,400,0.03,0.737,0.80989184,0.80989184
5000,1,400,0.05,0.7324,0.80560768,0.80560752
5000,1,400,0.07,0.7372,0.80589552,0.80589552
5000,1,400,0.1,0.5652,0.79418688,0.79418688
5000,1,500,0.005,0.7164,0.78370072,0.78370064
5000,1,500,0.01,0.73,0.80150952,0.80150944
5000,1,500,0.03,0.6592,0.77916504,0.77916496
5000,1,500,0.05,0.7388,0.80746768,0.80746768
5000,1,500,0.07,0.7616,0.83054656,0.83054656
5000,1,500,0.1,0.773,0.82957592,0.82956672
5000,2,100,0.005,0.709,0.776368,0.776368
5000,2,100,0.01,0.7102,0.77726752,0.77726752
5000,2,100,0.03,0.7136,0.78183496,0.78183488
5000,2,100,0.05,0.7168,0.78626848,0.78626832
5000,2,100,0.07,0.7254,0.78423184,0.78423184
5000,2,100,0.1,0.7004,0.77995896,0.77995888
5000,2,200,0.005,0.7138,0.77689832,0.77689824
5000,2,200,0.01,0.7166,0.78186592,0.78186592
5000,2,200,0.03,0.7236,0.79524976,0.79524976
5000,2,200,0.05,0.7104,0.77761472,0.77761472
5000,2,200,0.07,0.7072,0.77526816,0.77526816
5000,2,200,0.1,0.7322,0.79386744,0.79386736
5000,2,300,0.005,0.7158,0.78366368,0.78366368
5000,2,300,0.01,0.7164,0.78990224,0.78990224
5000,2,300,0.03,0.7192,0.79763472,0.79763472
5000,2,300,0.05,0.7284,0.79879792,0.79879792
5000,2,300,0.07,0.7304,0.80335336,0.80335328
5000,2,300,0.1,0.7268,0.79111792,0.79111792
5000,2,400,0.005,0.7162,0.78186712,0.78186704
5000,2,400,0.01,0.7196,0.7925336,0.7925336
5000,2,400,0.03,0.7228,0.79720656,0.79720656
5000,2,400,0.05,0.7328,0.80481144,0.80481136
5000,2,400,0.07,0.7216,0.802636,0.802636
5000,2,400,0.1,0.7644,0.82674368,0.82674304
5000,2,500,0.005,0.7182,0.78883984,0.78883984
5000,2,500,0.01,0.7276,0.79880288,0.79880288
5000,2,500,0.03,0.7256,0.798326,0.79832592
5000,2,500,0.05,0.7438,0.81337056,0.81337056
5000,2,500,0.07,0.7622,0.83465304,0.83465296
5000,2,500,0.1,0.76,0.841288,0.8412536
5000,3,100,0.005,0.7118,0.77220096,0.77220096
5000,3,100,0.01,0.7106,0.7729152,0.7729152
5000,3,100,0.03,0.7154,0.77432,0.77432
5000,3,100,0.05,0.7098,0.77151624,0.77151616
5000,3,100,0.07,0.7044,0.77368192,0.77368192
5000,3,100,0.1,0.7088,0.7806724,0.78067232
5000,3,200,0.005,0.709,0.77282928,0.77282928
5000,3,200,0.01,0.7144,0.77563528,0.7756352
5000,3,200,0.03,0.7088,0.77945728,0.77945728
5000,3,200,0.05,0.722,0.78644728,0.7864472
5000,3,200,0.07,0.71,0.77699472,0.77699472
5000,3,200,0.1,0.713,0.77654672,0.77654656
5000,3,300,0.005,0.714,0.77467424,0.77467424
5000,3,300,0.01,0.719,0.77892592,0.77892576
5000,3,300,0.03,0.7176,0.79075792,0.79075792
5000,3,300,0.05,0.725,0.78699616,0.78699616
5000,3,300,0.07,0.7302,0.78872848,0.78872848
5000,3,300,0.1,0.7178,0.7862152,0.7862152
5000,3,400,0.005,0.7132,0.77396912,0.77396912
5000,3,400,0.01,0.7176,0.785088,0.785088
5000,3,400,0.03,0.7262,0.79415336,0.79415328
5000,3,400,0.05,0.7246,0.79585064,0.79585056
5000,3,400,0.07,0.7216,0.78362416,0.78362416
5000,3,400,0.1,0.7392,0.79576448,0.79576448
5000,3,500,0.005,0.7096,0.77670208,0.77670208
5000,3,500,0.01,0.7194,0.78692056,0.78692048
5000,3,500,0.03,0.7388,0.80710712,0.80710704
5000,3,500,0.05,0.7446,0.81888536,0.81888528
5000,3,500,0.07,0.7558,0.81944928,0.81944928
5000,3,500,0.1,0.7366,0.84759792,0.84759792
6000,1,100,0.005,0.711666666666667,0.772037111111111,0.772037111111111
6000,1,100,0.01,0.716166666666667,0.776302,0.776302
6000,1,100,0.03,0.714666666666667,0.781087111111111,0.781087111111111
6000,1,100,0.05,0.713333333333333,0.783231222222222,0.783231222222222
6000,1,100,0.07,0.717,0.785655222222222,0.785655222222222
6000,1,100,0.1,0.704833333333333,0.774922111111111,0.774921777777778
6000,1,200,0.005,0.714,0.778266166666667,0.778266111111111
6000,1,200,0.01,0.715,0.784479277777778,0.784479222222222
6000,1,200,0.03,0.719333333333333,0.786328666666667,0.786328666666667
6000,1,200,0.05,0.723166666666667,0.788295388888889,0.788295333333333
6000,1,200,0.07,0.709,0.788823833333333,0.788823777777778
6000,1,200,0.1,0.715,0.785050166666667,0.785050111111111
6000,1,300,0.005,0.716666666666667,0.783813222222222,0.783813222222222
6000,1,300,0.01,0.708666666666667,0.783320777777778,0.783320777777778
6000,1,300,0.03,0.723,0.787835944444444,0.787835888888889
6000,1,300,0.05,0.722666666666667,0.799709222222222,0.799709111111111
6000,1,300,0.07,0.721,0.788974611111111,0.788974555555556
6000,1,300,0.1,0.703833333333333,0.766270444444444,0.766270444444444
6000,1,400,0.005,0.711833333333333,0.784866222222222,0.784866222222222
6000,1,400,0.01,0.7225,0.791345444444444,0.791345444444444
6000,1,400,0.03,0.736,0.8041345,0.804134444444444
6000,1,400,0.05,0.7325,0.800686444444444,0.800686444444444
6000,1,400,0.07,0.745833333333333,0.804593388888889,0.804593222222222
6000,1,400,0.1,0.693833333333333,0.788067777777778,0.788067777777778
6000,1,500,0.005,0.720166666666667,0.788617333333333,0.788617333333333
6000,1,500,0.01,0.722166666666667,0.795168,0.795168
6000,1,500,0.03,0.723,0.810600111111111,0.810600111111111
6000,1,500,0.05,0.733833333333333,0.808801666666667,0.808801666666667
6000,1,500,0.07,0.732166666666667,0.792491444444444,0.792491444444444
6000,1,500,0.1,0.73,0.781128555555556,0.781128555555556
6000,2,100,0.005,0.709333333333333,0.775416055555556,0.775416
6000,2,100,0.01,0.711833333333333,0.778893,0.778893
6000,2,100,0.03,0.710666666666667,0.784104444444444,0.784104444444444
6000,2,100,0.05,0.708833333333333,0.779568055555556,0.779568
6000,2,100,0.07,0.716166666666667,0.786864555555556,0.786864555555556
6000,2,100,0.1,0.709833333333333,0.781567055555556,0.781567
6000,2,200,0.005,0.717333333333333,0.780065444444444,0.780065444444444
6000,2,200,0.01,0.715166666666667,0.783274111111111,0.783274111111111
6000,2,200,0.03,0.714166666666667,0.786628222222222,0.786628222222222
6000,2,200,0.05,0.7125,0.787141333333333,0.787141222222222
6000,2,200,0.07,0.716,0.792335555555556,0.792335555555556
6000,2,200,0.1,0.724,0.785686333333333,0.785686333333333
6000,2,300,0.005,0.720333333333333,0.783197388888889,0.783197333333333
6000,2,300,0.01,0.719166666666667,0.785971166666667,0.785971111111111
6000,2,300,0.03,0.7225,0.790336888888889,0.790336888888889
6000,2,300,0.05,0.6885,0.783597777777778,0.783597666666667
6000,2,300,0.07,0.704,0.774309611111111,0.774309555555556
6000,2,300,0.1,0.7195,0.796179666666667,0.796179666666667
6000,2,400,0.005,0.716,0.783958555555556,0.783958555555556
6000,2,400,0.01,0.721333333333333,0.791178611111111,0.791178555555556
6000,2,400,0.03,0.720333333333333,0.791248111111111,0.791248111111111
6000,2,400,0.05,0.7465,0.813218388888889,0.813218333333333
6000,2,400,0.07,0.7205,0.789433611111111,0.789433555555556
6000,2,400,0.1,0.728166666666667,0.801798833333333,0.801798777777778
6000,2,500,0.005,0.7135,0.785652333333333,0.785652333333333
6000,2,500,0.01,0.720666666666667,0.787832611111111,0.787832555555556
6000,2,500,0.03,0.725166666666667,0.798028888888889,0.798028888888889
6000,2,500,0.05,0.735666666666667,0.800928666666667,0.800928666666667
6000,2,500,0.07,0.694,0.806600222222222,0.806600111111111
6000,2,500,0.1,0.737166666666667,0.807509888888889,0.807509888888889
6000,3,100,0.005,0.709666666666667,0.774106,0.774106
6000,3,100,0.01,0.709833333333333,0.774613166666667,0.774613111111111
6000,3,100,0.03,0.711333333333333,0.7811235,0.781123444444444
6000,3,100,0.05,0.704333333333333,0.782573111111111,0.782573111111111
6000,3,100,0.07,0.706333333333333,0.7786125,0.778612444444444
6000,3,100,0.1,0.655166666666667,0.772656666666667,0.772656666666667
6000,3,200,0.005,0.709166666666667,0.775822666666667,0.775822666666667
6000,3,200,0.01,0.709166666666667,0.779965722222222,0.779965666666667
6000,3,200,0.03,0.710166666666667,0.787468166666667,0.787468111111111
6000,3,200,0.05,0.719166666666667,0.790543777777778,0.790543666666667
6000,3,200,0.07,0.693833333333333,0.779095722222222,0.779095666666667
6000,3,200,0.1,0.715333333333333,0.778882277777778,0.778882222222222
6000,3,300,0.005,0.71,0.775384833333333,0.775384777777778
6000,3,300,0.01,0.711833333333333,0.786048833333333,0.786048777777778
6000,3,300,0.03,0.724166666666667,0.793156777777778,0.793156777777778
6000,3,300,0.05,0.694166666666667,0.774198777777778,0.774198777777778
6000,3,300,0.07,0.701,0.792467055555556,0.792467
6000,3,300,0.1,0.6475,0.780316333333333,0.780316333333333
6000,3,400,0.005,0.712666666666667,0.780015888888889,0.780015888888889
6000,3,400,0.01,0.7115,0.785523666666667,0.785523666666667
6000,3,400,0.03,0.723333333333333,0.794006333333333,0.794006333333333
6000,3,400,0.05,0.719666666666667,0.793918222222222,0.793918222222222
6000,3,400,0.07,0.723166666666667,0.791270333333333,0.791270333333333
6000,3,400,0.1,0.705666666666667,0.754246333333333,0.754246333333333
6000,3,500,0.005,0.713666666666667,0.781383333333333,0.781383333333333
6000,3,500,0.01,0.715,0.791617111111111,0.791617111111111
6000,3,500,0.03,0.720666666666667,0.790434444444444,0.790434444444444
6000,3,500,0.05,0.7375,0.810654944444444,0.810654555555556
6000,3,500,0.07,0.725333333333333,0.791080444444444,0.791080444444444
6000,3,500,0.1,0.744166666666667,0.817274,0.817274
7000,1,100,0.005,0.708571428571429,0.778153428571429,0.778153387755102
7000,1,100,0.01,0.711,0.780944530612245,0.780944489795918
7000,1,100,0.03,0.719714285714286,0.787068734693878,0.787068734693878
7000,1,100,0.05,0.714,0.778884897959184,0.778884897959184
7000,1,100,0.07,0.695142857142857,0.78390187755102,0.78390187755102
7000,1,100,0.1,0.714714285714286,0.783205387755102,0.783205224489796
7000,1,200,0.005,0.713142857142857,0.783219183673469,0.783219183673469
7000,1,200,0.01,0.715428571428571,0.785751551020408,0.785751346938775
7000,1,200,0.03,0.717714285714286,0.789885959183673,0.789885959183673
7000,1,200,0.05,0.729285714285714,0.796335836734694,0.796335673469388
7000,1,200,0.07,0.720285714285714,0.787279387755102,0.787279346938776
7000,1,200,0.1,0.700571428571429,0.779032326530612,0.779032326530612
7000,1,300,0.005,0.713714285714286,0.785141673469388,0.785141632653061
7000,1,300,0.01,0.72,0.789838367346939,0.789838285714286
7000,1,300,0.03,0.718571428571429,0.783489591836735,0.783489551020408
7000,1,300,0.05,0.743571428571429,0.810963918367347,0.810963918367347
7000,1,300,0.07,0.721714285714286,0.794020571428571,0.794020571428571
7000,1,300,0.1,0.706428571428571,0.748356040816327,0.748356
7000,1,400,0.005,0.717571428571429,0.78855412244898,0.78855412244898
7000,1,400,0.01,0.728142857142857,0.796099428571429,0.796099428571429
7000,1,400,0.03,0.740428571428571,0.810111265306122,0.810111265306122
7000,1,400,0.05,0.728285714285714,0.808023183673469,0.808023102040816
7000,1,400,0.07,0.720142857142857,0.787656408163265,0.787656408163265
7000,1,400,0.1,0.749714285714286,0.820446163265306,0.820439346938776
7000,1,500,0.005,0.720428571428571,0.790404408163265,0.790404408163265
7000,1,500,0.01,0.719714285714286,0.799231591836735,0.799231510204082
7000,1,500,0.03,0.735571428571429,0.803139306122449,0.803139265306122
7000,1,500,0.05,0.730857142857143,0.803250285714286,0.803250285714286
7000,1,500,0.07,0.747285714285714,0.810740979591837,0.810740979591837
7000,1,500,0.1,0.729,0.790055918367347,0.790055836734694
7000,2,100,0.005,0.710142857142857,0.774889020408163,0.774888979591837
7000,2,100,0.01,0.708142857142857,0.776648326530612,0.776648326530612
7000,2,100,0.03,0.713857142857143,0.782370979591837,0.78237093877551
7000,2,100,0.05,0.717428571428571,0.783514612244898,0.783514612244898
7000,2,100,0.07,0.715285714285714,0.784961469387755,0.784961469387755
7000,2,100,0.1,0.714714285714286,0.784676734693878,0.784676653061224
7000,2,200,0.005,0.711,0.778303428571429,0.778303428571429
7000,2,200,0.01,0.712857142857143,0.781273959183673,0.781273959183673
7000,2,200,0.03,0.721714285714286,0.789966816326531,0.789966775510204
7000,2,200,0.05,0.705857142857143,0.77888012244898,0.778880081632653
7000,2,200,0.07,0.715571428571429,0.786034530612245,0.786034530612245
7000,2,200,0.1,0.725571428571429,0.782343020408163,0.782343020408163
7000,2,300,0.005,0.713714285714286,0.781230040816327,0.781230040816327
7000,2,300,0.01,0.720571428571429,0.78775906122449,0.787759020408163
7000,2,300,0.03,0.718428571428571,0.791231387755102,0.791231346938776
7000,2,300,0.05,0.716571428571429,0.793595632653061,0.793595591836735
7000,2,300,0.07,0.727857142857143,0.790477632653061,0.790477551020408
7000,2,300,0.1,0.714857142857143,0.786389591836735,0.786389551020408
7000,2,400,0.005,0.715857142857143,0.782994081632653,0.782994040816327
7000,2,400,0.01,0.720714285714286,0.787604448979592,0.787604326530612
7000,2,400,0.03,0.728285714285714,0.793591755102041,0.793591755102041
7000,2,400,0.05,0.715714285714286,0.795754204081633,0.795754204081633
7000,2,400,0.07,0.727857142857143,0.789474571428571,0.789474530612245
7000,2,400,0.1,0.728142857142857,0.803706448979592,0.803706448979592
7000,2,500,0.005,0.716,0.787198734693878,0.787198693877551
7000,2,500,0.01,0.719142857142857,0.792531918367347,0.792531918367347
7000,2,500,0.03,0.712571428571429,0.780405510204082,0.780405387755102
7000,2,500,0.05,0.731142857142857,0.798989306122449,0.798989306122449
7000,2,500,0.07,0.741857142857143,0.817322612244898,0.817322612244898
7000,2,500,0.1,0.730714285714286,0.802086857142857,0.802068653061224
7000,3,100,0.005,0.694857142857143,0.756612285714286,0.756612244897959
7000,3,100,0.01,0.695571428571429,0.756883387755102,0.756883346938775
7000,3,100,0.03,0.695428571428571,0.761057755102041,0.761057714285714
7000,3,100,0.05,0.698142857142857,0.766022408163265,0.766022367346939
7000,3,100,0.07,0.696428571428571,0.765545306122449,0.765545224489796
7000,3,100,0.1,0.696571428571429,0.761617183673469,0.76161706122449
7000,3,200,0.005,0.695,0.75717212244898,0.757172081632653
7000,3,200,0.01,0.697857142857143,0.75990387755102,0.759903755102041
7000,3,200,0.03,0.708428571428571,0.777641428571429,0.777641306122449
7000,3,200,0.05,0.697428571428571,0.754488285714286,0.754488244897959
7000,3,200,0.07,0.668571428571429,0.770898326530612,0.770898204081633
7000,3,200,0.1,0.704714285714286,0.768793632653061,0.768793551020408
7000,3,300,0.005,0.694285714285714,0.757916244897959,0.757916163265306
7000,3,300,0.01,0.703857142857143,0.770492775510204,0.770492734693878
7000,3,300,0.03,0.711714285714286,0.781570571428571,0.781570530612245
7000,3,300,0.05,0.717428571428571,0.78410706122449,0.784107020408163
7000,3,300,0.07,0.704285714285714,0.78610187755102,0.786101795918367
7000,3,300,0.1,0.693571428571429,0.759296530612245,0.759296489795918
7000,3,400,0.005,0.696428571428571,0.757701183673469,0.757701142857143
7000,3,400,0.01,0.707571428571429,0.775242367346939,0.775242285714286
7000,3,400,0.03,0.704714285714286,0.77565212244898,0.775652081632653
7000,3,400,0.05,0.717285714285714,0.789530408163265,0.789530367346939
7000,3,400,0.07,0.674857142857143,0.76853387755102,0.768533714285714
7000,3,400,0.1,0.680571428571429,0.792303714285714,0.792303183673469
7000,3,500,0.005,0.705857142857143,0.771309306122449,0.771309224489796
7000,3,500,0.01,0.711142857142857,0.783487755102041,0.783487673469388
7000,3,500,0.03,0.729,0.797459959183674,0.797459918367347
7000,3,500,0.05,0.723,0.78983987755102,0.789839755102041
7000,3,500,0.07,0.702571428571429,0.775687959183674,0.775687918367347
7000,3,500,0.1,0.639142857142857,0.785989714285714,0.785988571428571
8000,1,100,0.005,0.70225,0.77424959375,0.7742495
8000,1,100,0.01,0.703125,0.77543834375,0.7754383125
8000,1,100,0.03,0.706125,0.7792014375,0.779201375
8000,1,100,0.05,0.70925,0.78105478125,0.7810546875
8000,1,100,0.07,0.70525,0.77688296875,0.776882875
8000,1,100,0.1,0.704625,0.77755309375,0.7775530625
8000,1,200,0.005,0.707125,0.77743521875,0.777435125
8000,1,200,0.01,0.706875,0.77973521875,0.779735125
8000,1,200,0.03,0.709875,0.78528134375,0.7852813125
8000,1,200,0.05,0.718625,0.78797625,0.7879761875
8000,1,200,0.07,0.706625,0.77912653125,0.7791265
8000,1,200,0.1,0.710125,0.77966671875,0.7796666875
8000,1,300,0.005,0.707,0.77953165625,0.779531625
8000,1,300,0.01,0.7065,0.78072121875,0.7807211875
8000,1,300,0.03,0.7045,0.78303075,0.7830306875
8000,1,300,0.05,0.708375,0.77206915625,0.772069125
8000,1,300,0.07,0.725375,0.79309471875,0.793094625
8000,1,300,0.1,0.712375,0.78752409375,0.7875240625
8000,1,400,0.005,0.705375,0.779850125,0.77985
8000,1,400,0.01,0.70975,0.7820760625,0.782076
8000,1,400,0.03,0.715375,0.787183125,0.7871830625
8000,1,400,0.05,0.717875,0.794667125,0.7946670625
8000,1,400,0.07,0.672,0.76751190625,0.7675118125
8000,1,400,0.1,0.721,0.7896156875,0.789615625
8000,1,500,0.005,0.707625,0.78079446875,0.7807944375
8000,1,500,0.01,0.7115,0.78435096875,0.784350875
8000,1,500,0.03,0.7135,0.797774125,0.7977740625
8000,1,500,0.05,0.70375,0.79100321875,0.7910031875
8000,1,500,0.07,0.73275,0.812197625,0.8121974375
8000,1,500,0.1,0.710375,0.76713375,0.7671336875
8000,2,100,0.005,0.695875,0.76281340625,0.762813375
8000,2,100,0.01,0.70175,0.768229125,0.768229125
8000,2,100,0.03,0.695375,0.77323103125,0.773231
8000,2,100,0.05,0.7025,0.77021025,0.77021025
8000,2,100,0.07,0.694,0.7660708125,0.7660708125
8000,2,100,0.1,0.69375,0.7649048125,0.76490475
8000,2,200,0.005,0.703625,0.76922434375,0.7692243125
8000,2,200,0.01,0.7005,0.77228759375,0.7722875625
8000,2,200,0.03,0.709625,0.78016640625,0.780166375
8000,2,200,0.05,0.709375,0.7807173125,0.7807173125
8000,2,200,0.07,0.712,0.77891521875,0.7789151875
8000,2,200,0.1,0.704375,0.77389165625,0.7738915625
8000,2,300,0.005,0.701875,0.77106509375,0.771065
8000,2,300,0.01,0.70675,0.776679875,0.776679875
8000,2,300,0.03,0.716375,0.78186715625,0.781867125
8000,2,300,0.05,0.707125,0.77866059375,0.7786605625
8000,2,300,0.07,0.708,0.78451690625,0.784516875
8000,2,300,0.1,0.71975,0.78728021875,0.7872801875
8000,2,400,0.005,0.698125,0.77173825,0.77173825
8000,2,400,0.01,0.712625,0.780131,0.780131
8000,2,400,0.03,0.72075,0.78838084375,0.7883808125
8000,2,400,0.05,0.713625,0.78136646875,0.7813664375
8000,2,400,0.07,0.712375,0.78001096875,0.7800109375
8000,2,400,0.1,0.518,0.76434928125,0.764349125
8000,2,500,0.005,0.70825,0.7769710625,0.7769710625
8000,2,500,0.01,0.714125,0.7820210625,0.782021
8000,2,500,0.03,0.72525,0.7919975,0.7919975
8000,2,500,0.05,0.721375,0.79000240625,0.790002375
8000,2,500,0.07,0.716875,0.78754303125,0.7875429375
8000,2,500,0.1,0.717625,0.77898815625,0.778988125
8000,3,100,0.005,0.70725,0.77594534375,0.7759453125
8000,3,100,0.01,0.7075,0.78088334375,0.7808833125
8000,3,100,0.03,0.71125,0.78700796875,0.7870079375
8000,3,100,0.05,0.70575,0.7878160625,0.7878160625
8000,3,100,0.07,0.711125,0.786994625,0.786994625
8000,3,100,0.1,0.705125,0.78921684375,0.7892168125
8000,3,200,0.005,0.706,0.78291178125,0.78291175
8000,3,200,0.01,0.709375,0.7883050625,0.7883050625
8000,3,200,0.03,0.7055,0.785789,0.785789
8000,3,200,0.05,0.713125,0.791504125,0.791504125
8000,3,200,0.07,0.698625,0.7831791875,0.783179125
8000,3,200,0.1,0.727375,0.795774,0.795773875
8000,3,300,0.005,0.711875,0.78683884375,0.7868388125
8000,3,300,0.01,0.71575,0.790128875,0.790128875
8000,3,300,0.03,0.717125,0.793898375,0.793898375
8000,3,300,0.05,0.69625,0.78903390625,0.789033875
8000,3,300,0.07,0.71975,0.79707359375,0.7970735625
8000,3,300,0.1,0.731625,0.801726875,0.801726875
8000,3,400,0.005,0.7155,0.79105303125,0.791053
8000,3,400,0.01,0.719875,0.79356025,0.7935601875
8000,3,400,0.03,0.728625,0.802471125,0.802471125
8000,3,400,0.05,0.7305,0.8025421875,0.8025421875
8000,3,400,0.07,0.726,0.80803459375,0.8080345625
8000,3,400,0.1,0.694,0.758298375,0.7582983125
8000,3,500,0.005,0.716875,0.7911955,0.7911955
8000,3,500,0.01,0.714,0.795153,0.795153
8000,3,500,0.03,0.7295,0.79786371875,0.7978636875
8000,3,500,0.05,0.70125,0.79857321875,0.7985731875
8000,3,500,0.07,0.735125,0.816693625,0.816693625
8000,3,500,0.1,0.72125,0.79273125,0.792731
9000,1,100,0.005,0.708444444444444,0.775835012345679,0.775834962962963
9000,1,100,0.01,0.71,0.777059802469136,0.777059703703704
9000,1,100,0.03,0.707,0.781367654320988,0.781367604938272
9000,1,100,0.05,0.717666666666667,0.787121950617284,0.787121925925926
9000,1,100,0.07,0.710444444444444,0.783006913580247,0.783006864197531
9000,1,100,0.1,0.696555555555556,0.782867604938272,0.782867456790123
9000,1,200,0.005,0.709444444444444,0.778747827160494,0.778747802469136
9000,1,200,0.01,0.709,0.78055575308642,0.780555703703704
9000,1,200,0.03,0.715333333333333,0.784959111111111,0.784959061728395
9000,1,200,0.05,0.708888888888889,0.785612617283951,0.785612543209877
9000,1,200,0.07,0.722666666666667,0.790459358024691,0.790459308641975
9000,1,200,0.1,0.714777777777778,0.778795185185185,0.778795061728395
9000,1,300,0.005,0.705555555555556,0.77747,0.777469975308642
9000,1,300,0.01,0.714333333333333,0.784040913580247,0.784040839506173
9000,1,300,0.03,0.711888888888889,0.789682888888889,0.789682864197531
9000,1,300,0.05,0.719,0.790365135802469,0.790365086419753
9000,1,300,0.07,0.731666666666667,0.794561703703704,0.79456162962963
9000,1,300,0.1,0.554222222222222,0.734535456790123,0.734535407407407
9000,1,400,0.005,0.717444444444444,0.787021061728395,0.787020987654321
9000,1,400,0.01,0.721777777777778,0.79467212345679,0.794672098765432
9000,1,400,0.03,0.723333333333333,0.801568320987654,0.801568296296296
9000,1,400,0.05,0.719777777777778,0.792403703703704,0.792403654320988
9000,1,400,0.07,0.722777777777778,0.788829061728395,0.788829037037037
9000,1,400,0.1,0.738222222222222,0.802685185185185,0.802685135802469
9000,1,500,0.005,0.715888888888889,0.78799950617284,0.787999456790124
9000,1,500,0.01,0.723666666666667,0.798189407407407,0.798189382716049
9000,1,500,0.03,0.725444444444444,0.797835111111111,0.797835061728395
9000,1,500,0.05,0.731777777777778,0.792511728395062,0.792511703703704
9000,1,500,0.07,0.740888888888889,0.806232592592593,0.80623249382716
9000,1,500,0.1,0.740888888888889,0.791833975308642,0.79183387654321
9000,2,100,0.005,0.692666666666667,0.762445777777778,0.762445728395062
9000,2,100,0.01,0.696444444444444,0.765648074074074,0.765648049382716
9000,2,100,0.03,0.703555555555556,0.77464249382716,0.774642469135802
9000,2,100,0.05,0.704222222222222,0.777000839506173,0.777000790123457
9000,2,100,0.07,0.695,0.773335851851852,0.773335851851852
9000,2,100,0.1,0.668666666666667,0.768096296296296,0.76809624691358
9000,2,200,0.005,0.697777777777778,0.768653185185185,0.768653185185185
9000,2,200,0.01,0.699,0.773282740740741,0.773282716049383
9000,2,200,0.03,0.705333333333333,0.77910975308642,0.779109728395062
9000,2,200,0.05,0.693,0.766663827160494,0.766663802469136
9000,2,200,0.07,0.714555555555556,0.785180518518519,0.78518049382716
9000,2,200,0.1,0.698777777777778,0.765448395061728,0.765448395061728
9000,2,300,0.005,0.701444444444444,0.773428320987654,0.773428296296296
9000,2,300,0.01,0.700222222222222,0.776986518518519,0.776986518518519
9000,2,300,0.03,0.703333333333333,0.779219308641975,0.779219308641975
9000,2,300,0.05,0.713777777777778,0.784177111111111,0.784177086419753
9000,2,300,0.07,0.705333333333333,0.778102172839506,0.77810212345679
9000,2,300,0.1,0.704111111111111,0.779483209876543,0.779483160493827
9000,2,400,0.005,0.700666666666667,0.777735580246914,0.777735555555556
9000,2,400,0.01,0.706888888888889,0.782529185185185,0.782529185185185
9000,2,400,0.03,0.715888888888889,0.795174296296296,0.795174271604938
9000,2,400,0.05,0.693777777777778,0.776022,0.776021975308642
9000,2,400,0.07,0.718,0.782990320987654,0.782990222222222
9000,2,400,0.1,0.705222222222222,0.777178790123457,0.777178765432099
9000,2,500,0.005,0.704444444444444,0.777282148148148,0.77728212345679
9000,2,500,0.01,0.707555555555556,0.784053185185185,0.784053185185185
9000,2,500,0.03,0.714111111111111,0.789223950617284,0.789223950617284
9000,2,500,0.05,0.701777777777778,0.799926345679012,0.799926320987654
9000,2,500,0.07,0.719,0.796694222222222,0.796694172839506
9000,2,500,0.1,0.718777777777778,0.774012666666667,0.774012641975309
9000,3,100,0.005,0.704666666666667,0.773678419753086,0.77367837037037
9000,3,100,0.01,0.704333333333333,0.777988049382716,0.777988049382716
9000,3,100,0.03,0.714555555555556,0.786948938271605,0.786948938271605
9000,3,100,0.05,0.704777777777778,0.784912518518519,0.78491249382716
9000,3,100,0.07,0.704777777777778,0.776944913580247,0.776944888888889
9000,3,100,0.1,0.679333333333333,0.786506098765432,0.786506074074074
9000,3,200,0.005,0.709333333333333,0.782100444444444,0.782100444444444
9000,3,200,0.01,0.714111111111111,0.79099824691358,0.790998222222222
9000,3,200,0.03,0.714111111111111,0.789842197530864,0.789842172839506
9000,3,200,0.05,0.715333333333333,0.793158691358025,0.793158617283951
9000,3,200,0.07,0.705222222222222,0.784925580246914,0.784925580246914
9000,3,200,0.1,0.711,0.778351827160494,0.778351802469136
9000,3,300,0.005,0.708555555555556,0.784134913580247,0.784134913580247
9000,3,300,0.01,0.711,0.786660691358025,0.786660641975309
9000,3,300,0.03,0.723333333333333,0.801742074074074,0.801742074074074
9000,3,300,0.05,0.711777777777778,0.788521185185185,0.788521135802469
9000,3,300,0.07,0.712777777777778,0.787017777777778,0.787017777777778
9000,3,300,0.1,0.709777777777778,0.793831851851852,0.793831802469136
9000,3,400,0.005,0.714777777777778,0.789572345679012,0.789572345679012
9000,3,400,0.01,0.717888888888889,0.794559975308642,0.794559950617284
9000,3,400,0.03,0.731777777777778,0.804352814814815,0.804352790123457
9000,3,400,0.05,0.718444444444444,0.801640641975309,0.801640641975309
9000,3,400,0.07,0.717888888888889,0.801950098765432,0.801950074074074
9000,3,400,0.1,0.698,0.772501481481481,0.772501432098765
9000,3,500,0.005,0.713444444444444,0.790284320987654,0.790284296296296
9000,3,500,0.01,0.722555555555556,0.795435456790123,0.795435456790124
9000,3,500,0.03,0.715888888888889,0.803681185185185,0.803681185185185
9000,3,500,0.05,0.730333333333333,0.809217283950617,0.809217283950617
9000,3,500,0.07,0.686333333333333,0.789210962962963,0.789210962962963
9000,3,500,0.1,0.698222222222222,0.771214987654321,0.771214962962963
10000,1,100,0.005,0.7064,0.7726935,0.77269344
10000,1,100,0.01,0.703,0.77434416,0.77434412
10000,1,100,0.03,0.705,0.7774005,0.77740044
10000,1,100,0.05,0.7051,0.78160118,0.78160116
10000,1,100,0.07,0.6954,0.78262662,0.78262656
10000,1,100,0.1,0.6614,0.73246712,0.73246712
10000,1,200,0.005,0.7048,0.77803422,0.7780342
10000,1,200,0.01,0.7083,0.77894654,0.77894652
10000,1,200,0.03,0.709,0.78526612,0.78526612
10000,1,200,0.05,0.7095,0.7840774,0.78407708
10000,1,200,0.07,0.7059,0.78744922,0.7874492
10000,1,200,0.1,0.6903,0.76337478,0.76337476
10000,1,300,0.005,0.7101,0.78281928,0.78281924
10000,1,300,0.01,0.7108,0.78388208,0.78388204
10000,1,300,0.03,0.7192,0.79129898,0.79129896
10000,1,300,0.05,0.7143,0.78944184,0.7894418
10000,1,300,0.07,0.7202,0.79632784,0.7963278
10000,1,300,0.1,0.6791,0.7360494,0.73604936
10000,1,400,0.005,0.7073,0.78216914,0.78216908
10000,1,400,0.01,0.7142,0.78933122,0.78933116
10000,1,400,0.03,0.7236,0.7979665,0.79796644
10000,1,400,0.05,0.721,0.79566976,0.79566976
10000,1,400,0.07,0.7097,0.79030118,0.79030112
10000,1,400,0.1,0.6753,0.75791894,0.75791888
10000,1,500,0.005,0.7092,0.7853375,0.78533748
10000,1,500,0.01,0.7225,0.79597844,0.79597844
10000,1,500,0.03,0.714,0.7755491,0.77554908
10000,1,500,0.05,0.7155,0.79743696,0.79743692
10000,1,500,0.07,0.7325,0.8031753,0.80317528
10000,1,500,0.1,0.7087,0.78078334,0.78078328
10000,2,100,0.005,0.7072,0.7767777,0.77677764
10000,2,100,0.01,0.7084,0.77784808,0.777848
10000,2,100,0.03,0.7122,0.78064838,0.78064836
10000,2,100,0.05,0.7131,0.78348306,0.78348304
10000,2,100,0.07,0.7015,0.78374152,0.78374152
10000,2,100,0.1,0.6955,0.7689724,0.76897236
10000,2,200,0.005,0.7102,0.77815488,0.77815488
10000,2,200,0.01,0.7098,0.78231186,0.78231184
10000,2,200,0.03,0.72,0.79070868,0.79070864
10000,2,200,0.05,0.7174,0.78892798,0.78892792
10000,2,200,0.07,0.7212,0.79181246,0.79181244
10000,2,200,0.1,0.7106,0.785363,0.78536296
10000,2,300,0.005,0.7104,0.78044054,0.78044048
10000,2,300,0.01,0.7143,0.78654762,0.78654752
10000,2,300,0.03,0.7198,0.7915618,0.7915618
10000,2,300,0.05,0.7116,0.79268304,0.792683
10000,2,300,0.07,0.7181,0.79363468,0.79363468
10000,2,300,0.1,0.706,0.73218454,0.73218452
10000,2,400,0.005,0.7135,0.7853256,0.78532556
10000,2,400,0.01,0.7152,0.7857777,0.78577768
10000,2,400,0.03,0.7255,0.7910965,0.79109648
10000,2,400,0.05,0.7273,0.79494134,0.79494128
10000,2,400,0.07,0.7167,0.7830606,0.78306056
10000,2,400,0.1,0.7089,0.76503254,0.76503252
10000,2,500,0.005,0.7177,0.78517788,0.78517788
10000,2,500,0.01,0.72,0.79108666,0.79108664
10000,2,500,0.03,0.7289,0.79827058,0.79827056
10000,2,500,0.05,0.7271,0.79634928,0.7963492
10000,2,500,0.07,0.7133,0.78370854,0.78370852
10000,2,500,0.1,0.7163,0.79573968,0.79033976
10000,3,100,0.005,0.7119,0.77741034,0.77741028
10000,3,100,0.01,0.7153,0.77887268,0.77887264
10000,3,100,0.03,0.7138,0.78236896,0.78236888
10000,3,100,0.05,0.7215,0.78635668,0.7863566
10000,3,100,0.07,0.7155,0.78637332,0.78637328
10000,3,100,0.1,0.7119,0.77569436,0.77569428
10000,3,200,0.005,0.7175,0.78183274,0.78183272
10000,3,200,0.01,0.7184,0.7828946,0.78289444
10000,3,200,0.03,0.7205,0.78699006,0.78698996
10000,3,200,0.05,0.725,0.78739228,0.78739224
10000,3,200,0.07,0.7159,0.7867645,0.78676444
10000,3,200,0.1,0.6979,0.79018026,0.7901802
10000,3,300,0.005,0.7185,0.78449454,0.78449448
10000,3,300,0.01,0.7229,0.78925846,0.78925844
10000,3,300,0.03,0.7256,0.78830152,0.78830148
10000,3,300,0.05,0.7288,0.79368864,0.7936886
10000,3,300,0.07,0.7145,0.78138014,0.78138012
10000,3,300,0.1,0.7176,0.7766352,0.77663516
10000,3,400,0.005,0.7208,0.78723802,0.78723796
10000,3,400,0.01,0.7261,0.79308838,0.79308832
10000,3,400,0.03,0.7231,0.79221352,0.79221344
10000,3,400,0.05,0.7268,0.79602434,0.79602432
10000,3,400,0.07,0.7267,0.8011103,0.80111024
10000,3,400,0.1,0.7238,0.78316562,0.78316552
10000,3,500,0.005,0.7231,0.78876828,0.7887682
10000,3,500,0.01,0.7275,0.79471882,0.7947188
10000,3,500,0.03,0.7306,0.80048242,0.80048236
10000,3,500,0.05,0.7247,0.79789736,0.79789732
10000,3,500,0.07,0.7377,0.79281088,0.7928108
10000,3,500,0.1,0.6968,0.76810214,0.76810212
11000,1,100,0.005,0.705818181818182,0.774984429752066,0.774984396694215
11000,1,100,0.01,0.708909090909091,0.779137157024793,0.779137123966942
11000,1,100,0.03,0.702818181818182,0.77902826446281,0.779028231404959
11000,1,100,0.05,0.71,0.780478958677686,0.780478909090909
11000,1,100,0.07,0.709454545454545,0.781848280991736,0.781848231404959
11000,1,100,0.1,0.707636363636364,0.783996909090909,0.783996859504132
11000,1,200,0.005,0.708363636363636,0.779908545454545,0.779908495867769
11000,1,200,0.01,0.708636363636364,0.784909157024793,0.784909123966942
11000,1,200,0.03,0.716545454545455,0.78755441322314,0.787554314049587
11000,1,200,0.05,0.719727272727273,0.788034231404959,0.788034181818182
11000,1,200,0.07,0.700818181818182,0.787298776859504,0.787298743801653
11000,1,200,0.1,0.683636363636364,0.786266462809917,0.786266347107438
11000,1,300,0.005,0.713272727272727,0.783753256198347,0.783753223140496
11000,1,300,0.01,0.719363636363636,0.789353190082645,0.789353123966942
11000,1,300,0.03,0.719727272727273,0.792358859504132,0.792358842975207
11000,1,300,0.05,0.713727272727273,0.78992641322314,0.789926380165289
11000,1,300,0.07,0.717909090909091,0.780996165289256,0.780996132231405
11000,1,300,0.1,0.715636363636364,0.782090413223141,0.782090380165289
11000,1,400,0.005,0.716181818181818,0.786576214876033,0.786576165289256
11000,1,400,0.01,0.721545454545455,0.79557373553719,0.795573719008264
11000,1,400,0.03,0.701818181818182,0.775321933884297,0.775321884297521
11000,1,400,0.05,0.725181818181818,0.795253917355372,0.795253851239669
11000,1,400,0.07,0.709,0.777437636363636,0.777437553719008
11000,1,400,0.1,0.689727272727273,0.76774452892562,0.767744495867769
11000,1,500,0.005,0.718545454545455,0.790866066115702,0.790866049586777
11000,1,500,0.01,0.723181818181818,0.798459933884297,0.798459900826446
11000,1,500,0.03,0.735454545454545,0.811823768595041,0.81182373553719
11000,1,500,0.05,0.734,0.801973801652893,0.801973752066116
11000,1,500,0.07,0.714090909090909,0.774882380165289,0.774882347107438
11000,1,500,0.1,0.712,0.774031834710744,0.774031768595041
11000,2,100,0.005,0.704181818181818,0.766813190082645,0.766813157024793
11000,2,100,0.01,0.706454545454545,0.771143983471074,0.771143966942149
11000,2,100,0.03,0.710636363636364,0.772829537190083,0.772829487603306
11000,2,100,0.05,0.695181818181818,0.772584132231405,0.772584099173554
11000,2,100,0.07,0.706454545454545,0.770602809917355,0.770602776859504
11000,2,100,0.1,0.696272727272727,0.774175586776859,0.774175537190083
11000,2,200,0.005,0.708545454545455,0.772306495867769,0.772306446280992
11000,2,200,0.01,0.709272727272727,0.774445157024793,0.774445123966942
11000,2,200,0.03,0.710818181818182,0.776243239669421,0.776243239669421
11000,2,200,0.05,0.706545454545455,0.774188099173554,0.774188099173554
11000,2,200,0.07,0.697818181818182,0.763722066115702,0.763722016528926
11000,2,200,0.1,0.710636363636364,0.773424479338843,0.773424363636364
11000,2,300,0.005,0.706454545454545,0.774595355371901,0.774595305785124
11000,2,300,0.01,0.713,0.780787008264463,0.780786975206612
11000,2,300,0.03,0.711636363636364,0.779320297520661,0.77932026446281
11000,2,300,0.05,0.710636363636364,0.775693785123967,0.775693719008264
11000,2,300,0.07,0.715818181818182,0.780190975206612,0.780190975206612
11000,2,300,0.1,0.712636363636364,0.775775884297521,0.775775867768595
11000,2,400,0.005,0.708909090909091,0.775980545454545,0.775980495867769
11000,2,400,0.01,0.711909090909091,0.781542247933884,0.781542214876033
11000,2,400,0.03,0.714818181818182,0.779963140495868,0.779963107438017
11000,2,400,0.05,0.708272727272727,0.777503785123967,0.777503768595041
11000,2,400,0.07,0.717909090909091,0.781872809917355,0.781872760330579
11000,2,400,0.1,0.708090909090909,0.775185454545455,0.775185421487603
11000,2,500,0.005,0.709545454545455,0.778492826446281,0.778492826446281
11000,2,500,0.01,0.707909090909091,0.777631983471074,0.777631933884298
11000,2,500,0.03,0.705363636363636,0.784076892561983,0.784076859504132
11000,2,500,0.05,0.668363636363636,0.771466479338843,0.77146641322314
11000,2,500,0.07,0.723,0.788753702479339,0.788753685950413
11000,2,500,0.1,0.692090909090909,0.757485388429752,0.757485355371901
11000,3,100,0.005,0.710727272727273,0.773686363636364,0.773686347107438
11000,3,100,0.01,0.704454545454545,0.776601123966942,0.77660105785124
11000,3,100,0.03,0.703272727272727,0.781546991735537,0.781546975206612
11000,3,100,0.05,0.711727272727273,0.784318347107438,0.784318314049587
11000,3,100,0.07,0.697818181818182,0.779198462809917,0.779198446280992
11000,3,100,0.1,0.693272727272727,0.780339900826446,0.780339834710744
11000,3,200,0.005,0.709454545454545,0.779757917355372,0.779757884297521
11000,3,200,0.01,0.707818181818182,0.778938958677686,0.77893894214876
11000,3,200,0.03,0.715272727272727,0.786718198347107,0.786718148760331
11000,3,200,0.05,0.722909090909091,0.791364644628099,0.791364628099174
11000,3,200,0.07,0.710454545454545,0.788285818181818,0.788285785123967
11000,3,200,0.1,0.714454545454545,0.782382462809917,0.782382446280992
11000,3,300,0.005,0.714909090909091,0.781018396694215,0.781018347107438
11000,3,300,0.01,0.712909090909091,0.784326495867769,0.784326446280992
11000,3,300,0.03,0.727818181818182,0.79737279338843,0.797372760330578
11000,3,300,0.05,0.700363636363636,0.79260120661157,0.792601157024793
11000,3,300,0.07,0.713272727272727,0.780492826446281,0.780492826446281
11000,3,300,0.1,0.650454545454546,0.770636975206612,0.770636892561983
11000,3,400,0.005,0.709818181818182,0.781899024793388,0.781898975206612
11000,3,400,0.01,0.719545454545455,0.792460148760331,0.792460132231405
11000,3,400,0.03,0.721818181818182,0.798070231404959,0.798070214876033
11000,3,400,0.05,0.704272727272727,0.781361520661157,0.781361487603306
11000,3,400,0.07,0.716727272727273,0.79382347107438,0.79382347107438
11000,3,400,0.1,0.695454545454545,0.787770066115702,0.787770016528926
11000,3,500,0.005,0.713909090909091,0.782751785123967,0.78275173553719
11000,3,500,0.01,0.716909090909091,0.784463223140496,0.78446320661157
11000,3,500,0.03,0.741909090909091,0.810438495867769,0.810438479338843
11000,3,500,0.05,0.729636363636364,0.793852991735537,0.793852958677686
11000,3,500,0.07,0.713090909090909,0.789414082644628,0.789414016528926
11000,3,500,0.1,0.733818181818182,0.809623652892562,0.809623636363636
12000,1,100,0.005,0.712333333333333,0.781702319444444,0.781702277777778
12000,1,100,0.01,0.714166666666667,0.785233902777778,0.785233861111111
12000,1,100,0.03,0.71975,0.788847388888889,0.788847388888889
12000,1,100,0.05,0.713916666666667,0.788249180555556,0.788249138888889
12000,1,100,0.07,0.705833333333333,0.789004638888889,0.789004583333333
12000,1,100,0.1,0.688416666666667,0.776997763888889,0.776997555555556
12000,1,200,0.005,0.709416666666667,0.783208652777778,0.783208611111111
12000,1,200,0.01,0.71675,0.786361013888889,0.786361
12000,1,200,0.03,0.72225,0.796409722222222,0.796409694444444
12000,1,200,0.05,0.707416666666667,0.791978208333333,0.791978166666667
12000,1,200,0.07,0.703916666666667,0.792613055555556,0.792613027777778
12000,1,200,0.1,0.72,0.791217916666667,0.791217861111111
12000,1,300,0.005,0.715916666666667,0.788237208333333,0.788237194444444
12000,1,300,0.01,0.720666666666667,0.791772527777778,0.791772527777778
12000,1,300,0.03,0.723916666666667,0.796856361111111,0.796856305555556
12000,1,300,0.05,0.722583333333333,0.7927895,0.7927895
12000,1,300,0.07,0.72425,0.784660597222222,0.784660583333333
12000,1,300,0.1,0.681416666666667,0.748035972222222,0.748035944444444
12000,1,400,0.005,0.717833333333333,0.789081222222222,0.789081222222222
12000,1,400,0.01,0.725666666666667,0.794828722222222,0.794828666666667
12000,1,400,0.03,0.728916666666667,0.799448416666667,0.799448416666667
12000,1,400,0.05,0.733583333333333,0.806874597222222,0.806874555555556
12000,1,400,0.07,0.7185,0.795138458333333,0.795138416666667
12000,1,400,0.1,0.703416666666667,0.782420722222222,0.782420722222222
12000,1,500,0.005,0.721833333333333,0.792100944444444,0.792100944444444
12000,1,500,0.01,0.713166666666667,0.798478152777778,0.798478138888889
12000,1,500,0.03,0.720583333333333,0.802021694444444,0.802021666666667
12000,1,500,0.05,0.699833333333333,0.787113305555556,0.787113277777778
12000,1,500,0.07,0.709,0.780706458333333,0.780706444444444
12000,1,500,0.1,0.630666666666667,0.738642,0.738641916666667
12000,2,100,0.005,0.709416666666667,0.774665763888889,0.77466575
12000,2,100,0.01,0.709083333333333,0.774872930555556,0.774872916666667
12000,2,100,0.03,0.708583333333333,0.780130277777778,0.780130222222222
12000,2,100,0.05,0.71,0.779998736111111,0.779998722222222
12000,2,100,0.07,0.702416666666667,0.776722277777778,0.776722222222222
12000,2,100,0.1,0.696583333333333,0.769022430555556,0.769022333333333
12000,2,200,0.005,0.706833333333333,0.775371458333333,0.775371416666667
12000,2,200,0.01,0.711916666666667,0.779167625,0.779167583333333
12000,2,200,0.03,0.7095,0.782199111111111,0.782199083333333
12000,2,200,0.05,0.70775,0.786919,0.786919
12000,2,200,0.07,0.697166666666667,0.768145388888889,0.768145361111111
12000,2,200,0.1,0.713916666666667,0.781770763888889,0.781770694444444
12000,2,300,0.005,0.712,0.778417305555556,0.778417277777778
12000,2,300,0.01,0.714166666666667,0.778459972222222,0.778459944444444
12000,2,300,0.03,0.719416666666667,0.790850069444444,0.790850055555556
12000,2,300,0.05,0.715666666666667,0.790718944444444,0.790718916666667
12000,2,300,0.07,0.711583333333333,0.782386708333333,0.782386666666667
12000,2,300,0.1,0.675666666666667,0.761728027777778,0.761727972222222
12000,2,400,0.005,0.709833333333333,0.778629305555556,0.778629305555556
12000,2,400,0.01,0.716333333333333,0.785765402777778,0.785765388888889
12000,2,400,0.03,0.719083333333333,0.791171763888889,0.79117175
12000,2,400,0.05,0.716583333333333,0.791405180555556,0.791405138888889
12000,2,400,0.07,0.65925,0.764690125,0.764690083333333
12000,2,400,0.1,0.713666666666667,0.779202875,0.779202861111111
12000,2,500,0.005,0.713,0.782793166666667,0.782793166666667
12000,2,500,0.01,0.7165,0.789213861111111,0.789213833333333
12000,2,500,0.03,0.7225,0.794096111111111,0.794096083333333
12000,2,500,0.05,0.724166666666667,0.789905444444444,0.789905416666667
12000,2,500,0.07,0.72975,0.794924416666667,0.794924388888889
12000,2,500,0.1,0.688833333333333,0.770956263888889,0.77095625
12000,3,100,0.005,0.7115,0.779910458333333,0.779910444444444
12000,3,100,0.01,0.714666666666667,0.781785041666667,0.781785027777778
12000,3,100,0.03,0.699583333333333,0.786556986111111,0.786556916666667
12000,3,100,0.05,0.719916666666667,0.785786236111111,0.785786194444444
12000,3,100,0.07,0.719416666666667,0.787683944444444,0.787683888888889
12000,3,100,0.1,0.677166666666667,0.770540875,0.770540805555556
12000,3,200,0.005,0.714333333333333,0.78268075,0.782680722222222
12000,3,200,0.01,0.715583333333333,0.786748333333333,0.786748333333333
12000,3,200,0.03,0.715916666666667,0.784662333333333,0.784662305555556
12000,3,200,0.05,0.709916666666667,0.783130986111111,0.783130972222222
12000,3,200,0.07,0.704083333333333,0.783517763888889,0.783517722222222
12000,3,200,0.1,0.661583333333333,0.786006597222222,0.7860065
12000,3,300,0.005,0.716416666666667,0.784689625,0.784689611111111
12000,3,300,0.01,0.722583333333333,0.790189930555556,0.790189888888889
12000,3,300,0.03,0.71825,0.792302375,0.792302361111111
12000,3,300,0.05,0.720833333333333,0.798028416666667,0.798028305555556
12000,3,300,0.07,0.715666666666667,0.791371666666667,0.791371666666667
12000,3,300,0.1,0.7095,0.773639444444444,0.773639416666667
12000,3,400,0.005,0.71725,0.786628541666667,0.7866285
12000,3,400,0.01,0.716916666666667,0.791969833333333,0.791969805555556
12000,3,400,0.03,0.706666666666667,0.7921895,0.7921895
12000,3,400,0.05,0.718916666666667,0.793617555555556,0.793617555555556
12000,3,400,0.07,0.714416666666667,0.778907041666667,0.778907
12000,3,400,0.1,0.702833333333333,0.793934569444444,0.793934555555556
12000,3,500,0.005,0.714666666666667,0.790268388888889,0.790268388888889
12000,3,500,0.01,0.724666666666667,0.793899125,0.793899111111111
12000,3,500,0.03,0.721,0.795212277777778,0.79521225
12000,3,500,0.05,0.714833333333333,0.787445208333333,0.787445194444444
12000,3,500,0.07,0.734416666666667,0.804519319444444,0.804519277777778
12000,3,500,0.1,0.712833333333333,0.768702444444444,0.768702388888889
13000,1,100,0.005,0.711,0.778234295857988,0.778234272189349
13000,1,100,0.01,0.712461538461538,0.780368579881657,0.780368544378698
13000,1,100,0.03,0.710769230769231,0.782711076923077,0.782711053254438
13000,1,100,0.05,0.720538461538462,0.786334473372781,0.786334414201183
13000,1,100,0.07,0.715461538461538,0.785205065088757,0.785205041420118
13000,1,100,0.1,0.687461538461538,0.778100863905325,0.778100804733728
13000,1,200,0.005,0.714461538461538,0.782920449704142,0.782920402366864
13000,1,200,0.01,0.716384615384615,0.784364650887574,0.784364639053254
13000,1,200,0.03,0.721153846153846,0.792322071005917,0.792322059171598
13000,1,200,0.05,0.717846153846154,0.785853053254438,0.785853041420118
13000,1,200,0.07,0.712,0.778938284023669,0.77893824852071
13000,1,200,0.1,0.705153846153846,0.769513905325444,0.769513869822485
13000,1,300,0.005,0.715923076923077,0.784858816568047,0.784858792899408
13000,1,300,0.01,0.719230769230769,0.787141065088757,0.787141017751479
13000,1,300,0.03,0.723461538461538,0.792815644970414,0.792815621301775
13000,1,300,0.05,0.719384615384615,0.785675633136095,0.785675573964497
13000,1,300,0.07,0.717769230769231,0.789072982248521,0.789072946745562
13000,1,300,0.1,0.688230769230769,0.752211207100592,0.752211195266272
13000,1,400,0.005,0.715769230769231,0.786887396449704,0.786887384615385
13000,1,400,0.01,0.713538461538462,0.791584840236686,0.791584828402367
13000,1,400,0.03,0.722846153846154,0.795559384615385,0.795559360946746
13000,1,400,0.05,0.704307692307692,0.784733964497041,0.784733940828402
13000,1,400,0.07,0.722384615384615,0.793735325443787,0.793735313609467
13000,1,400,0.1,0.697769230769231,0.767006674556213,0.767006650887574
13000,1,500,0.005,0.717846153846154,0.788530284023669,0.78853024852071
13000,1,500,0.01,0.724,0.795001218934911,0.795001183431953
13000,1,500,0.03,0.726230769230769,0.792676603550296,0.792676591715976
13000,1,500,0.05,0.704230769230769,0.782133396449704,0.782133325443787
13000,1,500,0.07,0.719692307692308,0.784917869822485,0.784917869822485
13000,1,500,0.1,0.719076923076923,0.787246366863905,0.787246272189349
13000,2,100,0.005,0.702769230769231,0.770434887573964,0.770434840236686
13000,2,100,0.01,0.702846153846154,0.776397278106509,0.776397230769231
13000,2,100,0.03,0.705923076923077,0.777539112426035,0.777539076923077
13000,2,100,0.05,0.707923076923077,0.781120662721894,0.781120639053254
13000,2,100,0.07,0.708230769230769,0.780294343195266,0.780294319526627
13000,2,100,0.1,0.712153846153846,0.770710733727811,0.770710698224852
13000,2,200,0.005,0.707461538461538,0.778582769230769,0.77858274556213
13000,2,200,0.01,0.712538461538462,0.782452473372781,0.782452473372781
13000,2,200,0.03,0.705615384615385,0.774632473372781,0.774632473372781
13000,2,200,0.05,0.691923076923077,0.778806106508876,0.778806059171598
13000,2,200,0.07,0.709153846153846,0.781038378698225,0.781038343195266
13000,2,200,0.1,0.695384615384615,0.771277692307692,0.771277656804734
13000,2,300,0.005,0.708153846153846,0.779745420118343,0.779745396449704
13000,2,300,0.01,0.710384615384615,0.783219538461538,0.78321950295858
13000,2,300,0.03,0.719,0.790085053254438,0.790085017751479
13000,2,300,0.05,0.706307692307692,0.78088499408284,0.78088499408284
13000,2,300,0.07,0.703769230769231,0.780002106508876,0.780002082840237
13000,2,300,0.1,0.693153846153846,0.765160153846154,0.765160118343195
13000,2,400,0.005,0.709615384615385,0.780617928994083,0.780617893491124
13000,2,400,0.01,0.713307692307692,0.785923550295858,0.785923550295858
13000,2,400,0.03,0.719384615384615,0.792770674556213,0.792770674556213
13000,2,400,0.05,0.713153846153846,0.785420130177515,0.785420094674556
13000,2,400,0.07,0.716923076923077,0.778443538461538,0.77844350295858
13000,2,400,0.1,0.707923076923077,0.784321183431953,0.784321159763314
13000,2,500,0.005,0.712,0.785032710059172,0.785032686390533
13000,2,500,0.01,0.719461538461538,0.794017230769231,0.794017183431953
13000,2,500,0.03,0.729153846153846,0.80050450887574,0.800504473372781
13000,2,500,0.05,0.688461538461538,0.778459372781065,0.778459337278106
13000,2,500,0.07,0.682692307692308,0.756585384615385,0.756585349112426
13000,2,500,0.1,0.680230769230769,0.755198911242604,0.755198863905325
13000,3,100,0.005,0.704846153846154,0.775397479289941,0.775397420118343
13000,3,100,0.01,0.709538461538462,0.778314532544379,0.77831450887574
13000,3,100,0.03,0.714230769230769,0.782581905325444,0.782581869822485
13000,3,100,0.05,0.712461538461538,0.785175455621302,0.785175384615385
13000,3,100,0.07,0.696538461538462,0.783488130177515,0.783488071005917
13000,3,100,0.1,0.690538461538462,0.765416556213018,0.765416544378698
13000,3,200,0.005,0.707692307692308,0.779865597633136,0.779865585798817
13000,3,200,0.01,0.714461538461538,0.785764568047337,0.785764520710059
13000,3,200,0.03,0.719615384615385,0.786587514792899,0.78658750295858
13000,3,200,0.05,0.715692307692308,0.785826627218935,0.785826603550296
13000,3,200,0.07,0.710076923076923,0.77838100591716,0.778380923076923
13000,3,200,0.1,0.698230769230769,0.779438142011834,0.779438106508876
13000,3,300,0.005,0.710076923076923,0.78226775147929,0.782267715976331
13000,3,300,0.01,0.715153846153846,0.788058662721894,0.788058627218935
13000,3,300,0.03,0.718692307692308,0.795009218934911,0.795009183431953
13000,3,300,0.05,0.707076923076923,0.787347088757396,0.787347053254438
13000,3,300,0.07,0.716384615384615,0.787523562130177,0.787523526627219
13000,3,300,0.1,0.692230769230769,0.751384414201183,0.751384378698225
13000,3,400,0.005,0.715538461538462,0.788317278106509,0.788317230769231
13000,3,400,0.01,0.716615384615385,0.790944414201183,0.790944355029586
13000,3,400,0.03,0.721538461538462,0.791229029585799,0.79122899408284
13000,3,400,0.05,0.727076923076923,0.798670366863905,0.798670295857988
13000,3,400,0.07,0.723692307692308,0.792575218934911,0.792575195266272
13000,3,400,0.1,0.707076923076923,0.772126236686391,0.772126201183432
13000,3,500,0.005,0.712538461538462,0.788146473372781,0.788146437869823
13000,3,500,0.01,0.721615384615385,0.792309538461539,0.792309514792899
13000,3,500,0.03,0.722615384615385,0.800381727810651,0.800381704142012
13000,3,500,0.05,0.700615384615385,0.781684035502959,0.781684
13000,3,500,0.07,0.715538461538462,0.777724189349112,0.777724118343195
13000,3,500,0.1,0.705461538461538,0.755968698224852,0.755968639053254
14000,1,100,0.005,0.707714285714286,0.776036397959184,0.776036346938776
14000,1,100,0.01,0.710642857142857,0.780084642857143,0.780084612244898
14000,1,100,0.03,0.711,0.78286956122449,0.782869530612245
14000,1,100,0.05,0.708571428571429,0.782552632653061,0.782552591836735
14000,1,100,0.07,0.710071428571429,0.784775448979592,0.784775428571429
14000,1,100,0.1,0.692785714285714,0.771885806122449,0.771885795918367
14000,1,200,0.005,0.710428571428571,0.780343030612245,0.780343020408163
14000,1,200,0.01,0.709142857142857,0.783448775510204,0.783448755102041
14000,1,200,0.03,0.715,0.787434979591837,0.78743493877551
14000,1,200,0.05,0.712428571428571,0.785683540816327,0.785683489795918
14000,1,200,0.07,0.708357142857143,0.785175663265306,0.785175632653061
14000,1,200,0.1,0.714642857142857,0.787468010204082,0.787467959183674
14000,1,300,0.005,0.712214285714286,0.783677602040816,0.783677591836735
14000,1,300,0.01,0.7135,0.785825,0.785824979591837
14000,1,300,0.03,0.718,0.790364959183673,0.790364897959184
14000,1,300,0.05,0.715,0.789320857142857,0.789320857142857
14000,1,300,0.07,0.717857142857143,0.792734928571429,0.792734897959184
14000,1,300,0.1,0.709,0.781060275510204,0.781060224489796
14000,1,400,0.005,0.712642857142857,0.784385173469388,0.78438512244898
14000,1,400,0.01,0.714357142857143,0.790464591836735,0.790464551020408
14000,1,400,0.03,0.716428571428571,0.795693244897959,0.795693244897959
14000,1,400,0.05,0.691,0.782245051020408,0.782244979591837
14000,1,400,0.07,0.700357142857143,0.764063234693878,0.764063224489796
14000,1,400,0.1,0.691571428571429,0.759253193877551,0.759253040816326
14000,1,500,0.005,0.713357142857143,0.789222285714286,0.789222265306122
14000,1,500,0.01,0.717142857142857,0.788761581632653,0.788761551020408
14000,1,500,0.03,0.7055,0.791913255102041,0.791913224489796
14000,1,500,0.05,0.723857142857143,0.793731051020408,0.793731020408163
14000,1,500,0.07,0.722714285714286,0.795931693877551,0.795931673469388
14000,1,500,0.1,0.647071428571429,0.771749397959184,0.771749326530612
14000,2,100,0.005,0.710714285714286,0.779751897959184,0.779751857142857
14000,2,100,0.01,0.711642857142857,0.78361543877551,0.783615428571429
14000,2,100,0.03,0.716071428571429,0.787071295918367,0.787071285714286
14000,2,100,0.05,0.710857142857143,0.783106255102041,0.783106244897959
14000,2,100,0.07,0.711785714285714,0.788693153061224,0.78869312244898
14000,2,100,0.1,0.714714285714286,0.783687234693878,0.783687224489796
14000,2,200,0.005,0.715142857142857,0.784448612244898,0.784448591836735
14000,2,200,0.01,0.715357142857143,0.786789183673469,0.786789142857143
14000,2,200,0.03,0.716642857142857,0.790613520408163,0.790613489795918
14000,2,200,0.05,0.713928571428571,0.787524,0.787523979591837
14000,2,200,0.07,0.686714285714286,0.782676459183673,0.782676387755102
14000,2,200,0.1,0.722857142857143,0.790309775510204,0.790309693877551
14000,2,300,0.005,0.713785714285714,0.787080224489796,0.787080183673469
14000,2,300,0.01,0.718071428571429,0.789892785714286,0.789892775510204
14000,2,300,0.03,0.718285714285714,0.791605928571429,0.791605897959184
14000,2,300,0.05,0.713857142857143,0.78915243877551,0.789152346938776
14000,2,300,0.07,0.719785714285714,0.793826989795918,0.793826918367347
14000,2,300,0.1,0.693571428571429,0.75872606122449,0.758726
14000,2,400,0.005,0.717214285714286,0.789710071428571,0.789710040816327
14000,2,400,0.01,0.721857142857143,0.791557581632653,0.791557551020408
14000,2,400,0.03,0.722285714285714,0.797034714285714,0.797034653061224
14000,2,400,0.05,0.7205,0.792478265306122,0.792478204081633
14000,2,400,0.07,0.702214285714286,0.774655489795918,0.774655448979592
14000,2,400,0.1,0.694285714285714,0.757574275510204,0.757574244897959
14000,2,500,0.005,0.717857142857143,0.790356663265306,0.790356632653061
14000,2,500,0.01,0.722571428571429,0.791274102040816,0.79127406122449
14000,2,500,0.03,0.730214285714286,0.803368714285714,0.803368673469388
14000,2,500,0.05,0.720142857142857,0.798329653061224,0.798329612244898
14000,2,500,0.07,0.725428571428571,0.793186132653061,0.793186081632653
14000,2,500,0.1,0.693571428571429,0.759956755102041,0.759956693877551
14000,3,100,0.005,0.702071428571429,0.770536928571429,0.770536857142857
14000,3,100,0.01,0.7035,0.775052285714286,0.775052265306122
14000,3,100,0.03,0.705071428571429,0.776068265306122,0.776068224489796
14000,3,100,0.05,0.703,0.781015826530612,0.781015775510204
14000,3,100,0.07,0.703857142857143,0.780148265306122,0.780148224489796
14000,3,100,0.1,0.7075,0.774601704081633,0.774601673469388
14000,3,200,0.005,0.706428571428571,0.777353836734694,0.777353816326531
14000,3,200,0.01,0.707142857142857,0.779576785714286,0.779576755102041
14000,3,200,0.03,0.714714285714286,0.784429255102041,0.784429224489796
14000,3,200,0.05,0.707785714285714,0.78007687755102,0.780076816326531
14000,3,200,0.07,0.707428571428571,0.765259142857143,0.76525912244898
14000,3,200,0.1,0.700142857142857,0.767562408163265,0.767562367346939
14000,3,300,0.005,0.708071428571429,0.781849040816327,0.781849020408163
14000,3,300,0.01,0.712714285714286,0.783674346938775,0.783674346938775
14000,3,300,0.03,0.7125,0.786870591836735,0.786870551020408
14000,3,300,0.05,0.700428571428571,0.768591469387755,0.768591428571429
14000,3,300,0.07,0.713642857142857,0.783275214285714,0.783275204081633
14000,3,300,0.1,0.6825,0.75235137755102,0.752351346938775
14000,3,400,0.005,0.71,0.783025336734694,0.783025326530612
14000,3,400,0.01,0.7135,0.786955836734694,0.786955816326531
14000,3,400,0.03,0.717,0.787588142857143,0.787588142857143
14000,3,400,0.05,0.717428571428571,0.79044206122449,0.790442040816327
14000,3,400,0.07,0.706571428571429,0.783888112244898,0.783888040816327
14000,3,400,0.1,0.700357142857143,0.749165071428571,0.749165040816327
14000,3,500,0.005,0.711214285714286,0.783811744897959,0.783811734693878
14000,3,500,0.01,0.713357142857143,0.787578051020408,0.787578020408163
14000,3,500,0.03,0.718428571428571,0.791270795918367,0.791270795918367
14000,3,500,0.05,0.724071428571429,0.791382163265306,0.79138212244898
14000,3,500,0.07,0.699071428571429,0.753658591836735,0.753658571428571
14000,3,500,0.1,0.667142857142857,0.712803132653061,0.712803081632653
15000,1,100,0.005,0.699933333333333,0.76527936,0.765279324444444
15000,1,100,0.01,0.7018,0.768399075555556,0.768399057777778
15000,1,100,0.03,0.704666666666667,0.772429715555556,0.772429688888889
15000,1,100,0.05,0.704933333333333,0.772698471111111,0.772698453333333
15000,1,100,0.07,0.708933333333333,0.776146604444444,0.776146577777778
15000,1,100,0.1,0.701466666666667,0.768824124444444,0.768824124444444
15000,1,200,0.005,0.704733333333333,0.772874524444444,0.772874488888889
15000,1,200,0.01,0.702666666666667,0.777522684444444,0.777522631111111
15000,1,200,0.03,0.709066666666667,0.778733857777778,0.778733831111111
15000,1,200,0.05,0.709,0.779219102222222,0.77921904
15000,1,200,0.07,0.6836,0.761890595555556,0.76189056
15000,1,200,0.1,0.707933333333333,0.77975184,0.779751804444444
15000,1,300,0.005,0.705333333333333,0.778583884444444,0.778583857777778
15000,1,300,0.01,0.7112,0.782435075555556,0.782435022222222
15000,1,300,0.03,0.711266666666667,0.782065128888889,0.78206512
15000,1,300,0.05,0.714466666666667,0.783472444444444,0.783472408888889
15000,1,300,0.07,0.701466666666667,0.754631528888889,0.754631502222222
15000,1,300,0.1,0.661133333333333,0.770235893333333,0.770235875555556
15000,1,400,0.005,0.704466666666667,0.776851955555556,0.776851928888889
15000,1,400,0.01,0.7132,0.783336408888889,0.783336373333333
15000,1,400,0.03,0.712666666666667,0.780329004444444,0.780328995555556
15000,1,400,0.05,0.694066666666667,0.764033004444444,0.764032977777778
15000,1,400,0.07,0.7182,0.785146266666667,0.78514624
15000,1,400,0.1,0.6628,0.736126755555556,0.736126737777778
15000,1,500,0.005,0.710733333333333,0.781916888888889,0.781916871111111
15000,1,500,0.01,0.710933333333333,0.789014257777778,0.78901424
15000,1,500,0.03,0.720266666666667,0.790535751111111,0.790535715555556
15000,1,500,0.05,0.6926,0.768040071111111,0.768040053333333
15000,1,500,0.07,0.699733333333333,0.786437537777778,0.786437528888889
15000,1,500,0.1,0.7022,0.767049448888889,0.767048835555556
15000,2,100,0.005,0.710266666666667,0.775136977777778,0.775136942222222
15000,2,100,0.01,0.71,0.776798382222222,0.776798364444444
15000,2,100,0.03,0.712266666666667,0.779834382222222,0.779834346666667
15000,2,100,0.05,0.7058,0.778352924444444,0.778352835555556
15000,2,100,0.07,0.7144,0.779770106666667,0.779770062222222
15000,2,100,0.1,0.700733333333333,0.77074808,0.770748
15000,2,200,0.005,0.710666666666667,0.777382053333333,0.777382008888889
15000,2,200,0.01,0.711866666666667,0.779199324444444,0.779199288888889
15000,2,200,0.03,0.717066666666667,0.783823831111111,0.783823786666667
15000,2,200,0.05,0.709933333333333,0.785692355555555,0.78569232
15000,2,200,0.07,0.712933333333333,0.779498231111111,0.779498186666667
15000,2,200,0.1,0.657333333333333,0.742712213333333,0.742712177777778
15000,2,300,0.005,0.708733333333333,0.783097546666667,0.783097528888889
15000,2,300,0.01,0.714933333333333,0.783874968888889,0.783874933333333
15000,2,300,0.03,0.723066666666667,0.790192782222222,0.790192746666667
15000,2,300,0.05,0.7116,0.780854213333333,0.780854186666667
15000,2,300,0.07,0.720266666666667,0.785213857777778,0.785213848888889
15000,2,300,0.1,0.7106,0.766909066666667,0.766908977777778
15000,2,400,0.005,0.715,0.783608115555556,0.783608088888889
15000,2,400,0.01,0.7166,0.786631164444444,0.786631146666667
15000,2,400,0.03,0.718066666666667,0.786758755555556,0.786758684444444
15000,2,400,0.05,0.727533333333333,0.793565324444444,0.79356528
15000,2,400,0.07,0.7146,0.783099022222222,0.783098968888889
15000,2,400,0.1,0.706733333333333,0.778544728888889,0.778544657777778
15000,2,500,0.005,0.709666666666667,0.784359786666667,0.784359751111111
15000,2,500,0.01,0.724,0.793104417777778,0.793104373333333
15000,2,500,0.03,0.700933333333333,0.782836,0.782835964444444
15000,2,500,0.05,0.718533333333333,0.787365386666667,0.787365368888889
15000,2,500,0.07,0.681533333333333,0.778904275555556,0.778904231111111
15000,2,500,0.1,0.722866666666667,0.782331164444444,0.782331128888889
15000,3,100,0.005,0.7096,0.77677336,0.776773333333333
15000,3,100,0.01,0.715266666666667,0.782832657777778,0.78283264
15000,3,100,0.03,0.718133333333333,0.788520026666667,0.788519982222222
15000,3,100,0.05,0.715266666666667,0.787861866666667,0.787861866666667
15000,3,100,0.07,0.718466666666667,0.788088364444444,0.788088337777778
15000,3,100,0.1,0.709133333333333,0.779600595555556,0.779600568888889
15000,3,200,0.005,0.717866666666667,0.785646151111111,0.785646097777778
15000,3,200,0.01,0.717533333333333,0.789421715555556,0.789421706666667
15000,3,200,0.03,0.722133333333333,0.792689946666667,0.792689902222222
15000,3,200,0.05,0.717133333333333,0.788030977777778,0.788030933333333
15000,3,200,0.07,0.712,0.777001182222222,0.777001102222222
15000,3,200,0.1,0.711666666666667,0.769652213333333,0.769652195555556
15000,3,300,0.005,0.718866666666667,0.788010577777778,0.788010542222222
15000,3,300,0.01,0.720533333333333,0.793060071111111,0.793060053333333
15000,3,300,0.03,0.727866666666667,0.79771424,0.797714222222222
15000,3,300,0.05,0.715733333333333,0.786907946666667,0.786907911111111
15000,3,300,0.07,0.7152,0.774973324444444,0.77497328
15000,3,300,0.1,0.7138,0.780154453333333,0.780154435555556
15000,3,400,0.005,0.723066666666667,0.79301848,0.793018453333333
15000,3,400,0.01,0.726133333333333,0.793308675555556,0.793308657777778
15000,3,400,0.03,0.722933333333333,0.79089784,0.790897813333333
15000,3,400,0.05,0.721133333333333,0.791238871111111,0.791238826666667
15000,3,400,0.07,0.7186,0.784763217777778,0.784763182222222
15000,3,400,0.1,0.6942,0.757923857777778,0.75792384
15000,3,500,0.005,0.7244,0.794546195555556,0.794546168888889
15000,3,500,0.01,0.724933333333333,0.797184497777778,0.79718448
15000,3,500,0.03,0.7224,0.789199146666667,0.789199128888889
15000,3,500,0.05,0.728266666666667,0.793109786666667,0.79310976
15000,3,500,0.07,0.730533333333333,0.789446506666667,0.789446471111111
15000,3,500,0.1,0.670266666666667,0.740417617777778,0.740417564444444
16000,1,100,0.005,0.713,0.7782021484375,0.778202140625
16000,1,100,0.01,0.7138125,0.7807670703125,0.780767046875
16000,1,100,0.03,0.7131875,0.782945296875,0.78294525
16000,1,100,0.05,0.704875,0.7739231171875,0.773923078125
16000,1,100,0.07,0.71275,0.7828912109375,0.782891125
16000,1,100,0.1,0.71125,0.7799622265625,0.779962109375
16000,1,200,0.005,0.713625,0.783101375,0.783101375
16000,1,200,0.01,0.7134375,0.7830374296875,0.78303740625
16000,1,200,0.03,0.7196875,0.78464246875,0.784642453125
16000,1,200,0.05,0.7178125,0.78264603125,0.78264596875
16000,1,200,0.07,0.6905625,0.7756732109375,0.775673203125
16000,1,200,0.1,0.702125,0.7661514609375,0.7661514375
16000,1,300,0.005,0.7170625,0.78454715625,0.784547125
16000,1,300,0.01,0.7195,0.7875687265625,0.7875686875
16000,1,300,0.03,0.7266875,0.7909405703125,0.790940515625
16000,1,300,0.05,0.6954375,0.7746757421875,0.77467571875
16000,1,300,0.07,0.7086875,0.7550478359375,0.75504778125
16000,1,300,0.1,0.7145625,0.7829034765625,0.782903421875
16000,1,400,0.005,0.7194375,0.786041765625,0.786041765625
16000,1,400,0.01,0.7215,0.7900214765625,0.79002146875
16000,1,400,0.03,0.721875,0.7903047734375,0.79030475
16000,1,400,0.05,0.7263125,0.7930670859375,0.793067046875
16000,1,400,0.07,0.7240625,0.7900125,0.790012484375
16000,1,400,0.1,0.58,0.74193334375,0.741933296875
16000,1,500,0.005,0.7191875,0.7868781796875,0.786878171875
16000,1,500,0.01,0.7221875,0.792420875,0.792420859375
16000,1,500,0.03,0.728125,0.7968937421875,0.79689371875
16000,1,500,0.05,0.7313125,0.7989724921875,0.79897246875
16000,1,500,0.07,0.7195625,0.7902314375,0.790231421875
16000,1,500,0.1,0.653125,0.7213664765625,0.72136646875
16000,2,100,0.005,0.7100625,0.7749769765625,0.774976953125
16000,2,100,0.01,0.7095625,0.7750863515625,0.775086328125
16000,2,100,0.03,0.710875,0.7803026328125,0.78030259375
16000,2,100,0.05,0.7120625,0.7775666328125,0.777566609375
16000,2,100,0.07,0.7074375,0.77983228125,0.779832234375
16000,2,100,0.1,0.7125,0.778517796875,0.778517765625
16000,2,200,0.005,0.7130625,0.7793087578125,0.77930875
16000,2,200,0.01,0.709375,0.7820515625,0.782051546875
16000,2,200,0.03,0.715,0.78320340625,0.783203375
16000,2,200,0.05,0.714625,0.7873320234375,0.787331953125
16000,2,200,0.07,0.7080625,0.7784786328125,0.778478578125
16000,2,200,0.1,0.7143125,0.780518171875,0.780518125
16000,2,300,0.005,0.7150625,0.7826459765625,0.782645953125
16000,2,300,0.01,0.7160625,0.7842570703125,0.7842570625
16000,2,300,0.03,0.714375,0.7830455703125,0.78304553125
16000,2,300,0.05,0.7116875,0.78461078125,0.78461075
16000,2,300,0.07,0.7029375,0.773718796875,0.77371878125
16000,2,300,0.1,0.693125,0.770850265625,0.770850234375
16000,2,400,0.005,0.71525,0.7839534453125,0.783953390625
16000,2,400,0.01,0.7194375,0.7874906484375,0.787490640625
16000,2,400,0.03,0.7180625,0.7893372421875,0.789337203125
16000,2,400,0.05,0.7140625,0.7847206640625,0.784720625
16000,2,400,0.07,0.7034375,0.769301609375,0.76930159375
16000,2,400,0.1,0.5924375,0.7542133359375,0.75421325
16000,2,500,0.005,0.7173125,0.784992015625,0.784992
16000,2,500,0.01,0.717625,0.788309828125,0.7883098125
16000,2,500,0.03,0.7198125,0.7878490078125,0.787848953125
16000,2,500,0.05,0.70625,0.772525515625,0.772525484375
16000,2,500,0.07,0.701375,0.773100359375,0.7731003125
16000,2,500,0.1,0.67525,0.753128796875,0.753128796875
16000,3,100,0.005,0.704875,0.772580375,0.772580359375
16000,3,100,0.01,0.703625,0.7720142578125,0.772014203125
16000,3,100,0.03,0.7074375,0.7778848046875,0.777884765625
16000,3,100,0.05,0.704625,0.779674140625,0.779674125
16000,3,100,0.07,0.6909375,0.7743585625,0.774358484375
16000,3,100,0.1,0.7091875,0.7806239765625,0.78062390625
16000,3,200,0.005,0.7094375,0.7793317421875,0.779331703125
16000,3,200,0.01,0.7128125,0.783402046875,0.783401984375
16000,3,200,0.03,0.7068125,0.773656078125,0.77365603125
16000,3,200,0.05,0.71275,0.78417040625,0.784170359375
16000,3,200,0.07,0.7009375,0.7744825078125,0.774482453125
16000,3,200,0.1,0.7016875,0.771353875,0.771353828125
16000,3,300,0.005,0.709875,0.7797918515625,0.7797918125
16000,3,300,0.01,0.716125,0.7883963125,0.788396296875
16000,3,300,0.03,0.7030625,0.7847605625,0.784760484375
16000,3,300,0.05,0.6933125,0.7819267421875,0.781926703125
16000,3,300,0.07,0.7165,0.786321375,0.78632134375
16000,3,300,0.1,0.7085,0.7782815859375,0.7782815625
16000,3,400,0.005,0.715125,0.7855751328125,0.785575109375
16000,3,400,0.01,0.7121875,0.78812284375,0.788122765625
16000,3,400,0.03,0.716875,0.788250203125,0.788250171875
16000,3,400,0.05,0.719375,0.786237,0.7862369375
16000,3,400,0.07,0.6640625,0.7477282734375,0.747728203125
16000,3,400,0.1,0.6846875,0.768446796875,0.768446609375
16000,3,500,0.005,0.7168125,0.785857828125,0.78585778125
16000,3,500,0.01,0.7135625,0.7908751875,0.79087515625
16000,3,500,0.03,0.725375,0.800385765625,0.800385703125
16000,3,500,0.05,0.6939375,0.775684015625,0.7756839375
16000,3,500,0.07,0.621,0.729434359375,0.7294343125
16000,3,500,0.1,0.70975,0.7793616328125,0.779361578125
17000,1,100,0.005,0.703823529411765,0.771316166089965,0.771316124567474
17000,1,100,0.01,0.706529411764706,0.775082034602076,0.775082006920415
17000,1,100,0.03,0.708294117647059,0.778632948096886,0.778632885813149
17000,1,100,0.05,0.709647058823529,0.779228311418685,0.779228276816609
17000,1,100,0.07,0.706529411764706,0.777808352941176,0.777808332179931
17000,1,100,0.1,0.704647058823529,0.777657280276817,0.77765723183391
17000,1,200,0.005,0.707411764705882,0.775847467128028,0.775847460207612
17000,1,200,0.01,0.707411764705882,0.776659674740484,0.776659653979239
17000,1,200,0.03,0.709,0.785125162629758,0.785125148788927
17000,1,200,0.05,0.711764705882353,0.784531162629758,0.784531128027682
17000,1,200,0.07,0.702882352941177,0.775813647058823,0.775813577854671
17000,1,200,0.1,0.704058823529412,0.771148975778547,0.771148941176471
17000,1,300,0.005,0.708235294117647,0.779588705882353,0.779588692041522
17000,1,300,0.01,0.71,0.784662020761246,0.784661993079585
17000,1,300,0.03,0.699294117647059,0.78137907266436,0.781379044982699
17000,1,300,0.05,0.711647058823529,0.779519923875433,0.779519889273356
17000,1,300,0.07,0.719352941176471,0.788471916955017,0.788471903114187
17000,1,300,0.1,0.703411764705882,0.776512103806228,0.776512069204152
17000,1,400,0.005,0.709294117647059,0.781561910034602,0.781561882352941
17000,1,400,0.01,0.706470588235294,0.78497046366782,0.784970435986159
17000,1,400,0.03,0.716764705882353,0.788990242214533,0.788990214532872
17000,1,400,0.05,0.712764705882353,0.784688069204152,0.784688027681661
17000,1,400,0.07,0.701764705882353,0.770755570934256,0.770755543252595
17000,1,400,0.1,0.700823529411765,0.763926844290657,0.763926809688581
17000,1,500,0.005,0.711529411764706,0.782553411764706,0.782553384083045
17000,1,500,0.01,0.701529411764706,0.785197044982699,0.785196996539792
17000,1,500,0.03,0.708176470588235,0.781456020761246,0.781456
17000,1,500,0.05,0.717294117647059,0.788251640138408,0.788251584775087
17000,1,500,0.07,0.717764705882353,0.781736788927336,0.781736719723183
17000,1,500,0.1,0.713823529411765,0.781841273356401,0.781840996539792
17000,2,100,0.005,0.707823529411765,0.773929778546713,0.773929702422145
17000,2,100,0.01,0.706941176470588,0.775483328719723,0.775483280276817
17000,2,100,0.03,0.706235294117647,0.778779570934256,0.778779515570934
17000,2,100,0.05,0.711235294117647,0.780374200692042,0.78037414532872
17000,2,100,0.07,0.707411764705882,0.774821778546713,0.774821688581315
17000,2,100,0.1,0.693647058823529,0.754952595155709,0.754952498269896
17000,2,200,0.005,0.707823529411765,0.776924602076125,0.776924581314879
17000,2,200,0.01,0.712235294117647,0.781366878892734,0.781366851211073
17000,2,200,0.03,0.713352941176471,0.780167737024221,0.780167667820069
17000,2,200,0.05,0.716647058823529,0.784155141868512,0.784155114186851
17000,2,200,0.07,0.687176470588235,0.77902907266436,0.779028996539792
17000,2,200,0.1,0.711117647058824,0.773205058823529,0.773205024221453
17000,2,300,0.005,0.709529411764706,0.77876139100346,0.778761342560554
17000,2,300,0.01,0.712176470588235,0.78254878200692,0.782548747404844
17000,2,300,0.03,0.722058823529412,0.787880359861592,0.787880290657439
17000,2,300,0.05,0.717,0.787632615916955,0.787632567474048
17000,2,300,0.07,0.688764705882353,0.760522830449827,0.76052276816609
17000,2,300,0.1,0.693882352941177,0.769034117647059,0.769034048442907
17000,2,400,0.005,0.712823529411765,0.781481273356401,0.78148121799308
17000,2,400,0.01,0.714647058823529,0.786096096885813,0.786096055363322
17000,2,400,0.03,0.717647058823529,0.789200055363322,0.78920001384083
17000,2,400,0.05,0.713,0.786691522491349,0.786691474048443
17000,2,400,0.07,0.714,0.786500823529412,0.786500761245675
17000,2,400,0.1,0.716411764705882,0.785453965397924,0.785453923875433
17000,2,500,0.005,0.711764705882353,0.782001273356401,0.78200124567474
17000,2,500,0.01,0.716411764705882,0.786545107266436,0.786545079584775
17000,2,500,0.03,0.712529411764706,0.787538588235294,0.787538546712803
17000,2,500,0.05,0.712176470588235,0.774992996539792,0.774992941176471
17000,2,500,0.07,0.705352941176471,0.773496484429066,0.773496429065744
17000,2,500,0.1,0.696411764705882,0.759075965397924,0.759075889273356
17000,3,100,0.005,0.699470588235294,0.764617487889273,0.764617480968858
17000,3,100,0.01,0.701411764705882,0.765453439446367,0.765453439446367
17000,3,100,0.03,0.703705882352941,0.769963370242215,0.769963349480969
17000,3,100,0.05,0.700235294117647,0.772032076124567,0.772032055363322
17000,3,100,0.07,0.703411764705882,0.770984740484429,0.770984678200692
17000,3,100,0.1,0.698588235294118,0.769961453287197,0.769961328719723
17000,3,200,0.005,0.704,0.768197896193772,0.768197882352941
17000,3,200,0.01,0.705235294117647,0.770550989619377,0.770550961937716
17000,3,200,0.03,0.708882352941177,0.776790221453287,0.776790214532872
17000,3,200,0.05,0.704764705882353,0.772152671280277,0.772152650519031
17000,3,200,0.07,0.702294117647059,0.770277799307958,0.770277743944637
17000,3,200,0.1,0.696588235294118,0.757783494809689,0.757783474048443
17000,3,300,0.005,0.706117647058824,0.771507640138408,0.771507612456747
17000,3,300,0.01,0.706529411764706,0.777174269896194,0.777174256055363
17000,3,300,0.03,0.708,0.776296567474048,0.776296539792388
17000,3,300,0.05,0.708058823529412,0.778431155709343,0.77843108650519
17000,3,300,0.07,0.707647058823529,0.773644200692042,0.773644166089965
17000,3,300,0.1,0.647529411764706,0.729337806228374,0.729337771626298
17000,3,400,0.005,0.709,0.776657965397924,0.776657951557093
17000,3,400,0.01,0.708941176470588,0.77850108650519,0.778501065743945
17000,3,400,0.03,0.705529411764706,0.779357273356401,0.779357259515571
17000,3,400,0.05,0.710823529411765,0.780943107266436,0.780943100346021
17000,3,400,0.07,0.704823529411765,0.776710456747405,0.776710422145329
17000,3,400,0.1,0.683176470588235,0.757408422145329,0.757408359861592
17000,3,500,0.005,0.709,0.776816366782007,0.776816359861592
17000,3,500,0.01,0.713882352941177,0.785052179930796,0.785052166089965
17000,3,500,0.03,0.710294117647059,0.786329626297578,0.786329577854671
17000,3,500,0.05,0.690411764705882,0.768881425605536,0.768881370242214
17000,3,500,0.07,0.686764705882353,0.739637460207612,0.739637439446367
17000,3,500,0.1,0.651117647058824,0.765895259515571,0.765894173010381
18000,1,100,0.005,0.712722222222222,0.781354796296296,0.781354777777778
18000,1,100,0.01,0.712944444444444,0.785493425925926,0.785493407407407
18000,1,100,0.03,0.713444444444444,0.788706141975309,0.788706086419753
18000,1,100,0.05,0.715055555555556,0.788147209876543,0.788147160493827
18000,1,100,0.07,0.710888888888889,0.783522345679012,0.783522259259259
18000,1,100,0.1,0.703833333333333,0.782969888888889,0.782969814814815
18000,1,200,0.005,0.7185,0.787133395061728,0.787133382716049
18000,1,200,0.01,0.720944444444444,0.79116212962963,0.791162098765432
18000,1,200,0.03,0.721833333333333,0.792047722222222,0.792047691358025
18000,1,200,0.05,0.718277777777778,0.791605777777778,0.79160575308642
18000,1,200,0.07,0.7205,0.789610833333333,0.789610790123457
18000,1,200,0.1,0.721111111111111,0.790776012345679,0.790775938271605
18000,1,300,0.005,0.720833333333333,0.789565172839506,0.789565148148148
18000,1,300,0.01,0.721944444444444,0.791211425925926,0.791211395061728
18000,1,300,0.03,0.721055555555556,0.794476339506173,0.794476308641975
18000,1,300,0.05,0.720666666666667,0.786038148148148,0.786038111111111
18000,1,300,0.07,0.7175,0.786690580246914,0.786690567901235
18000,1,300,0.1,0.669222222222222,0.77245237654321,0.772452345679012
18000,1,400,0.005,0.7225,0.791367950617284,0.791367925925926
18000,1,400,0.01,0.725944444444444,0.796431537037037,0.796431518518519
18000,1,400,0.03,0.719888888888889,0.797508592592593,0.797508567901235
18000,1,400,0.05,0.720666666666667,0.794889709876543,0.794889679012346
18000,1,400,0.07,0.7185,0.787135462962963,0.787135419753086
18000,1,400,0.1,0.719055555555556,0.787780796296296,0.787780740740741
18000,1,500,0.005,0.721888888888889,0.795054339506173,0.795054320987654
18000,1,500,0.01,0.726333333333333,0.798837796296296,0.798837777777778
18000,1,500,0.03,0.727055555555556,0.80324537654321,0.803245333333333
18000,1,500,0.05,0.706166666666667,0.772959191358025,0.772959172839506
18000,1,500,0.07,0.704388888888889,0.772101932098765,0.772101913580247
18000,1,500,0.1,0.713611111111111,0.764405209876543,0.764405197530864
18000,2,100,0.005,0.704444444444444,0.76966962345679,0.769669617283951
18000,2,100,0.01,0.705166666666667,0.771081604938272,0.771081580246914
18000,2,100,0.03,0.703833333333333,0.772302401234568,0.772302358024691
18000,2,100,0.05,0.7075,0.779135617283951,0.779135580246914
18000,2,100,0.07,0.702944444444444,0.773767197530864,0.773767148148148
18000,2,100,0.1,0.707833333333333,0.779647777777778,0.779647765432099
18000,2,200,0.005,0.708944444444444,0.776458716049383,0.776458691358025
18000,2,200,0.01,0.706555555555556,0.776285067901235,0.776285024691358
18000,2,200,0.03,0.717222222222222,0.781640395061728,0.781640382716049
18000,2,200,0.05,0.714166666666667,0.780210611111111,0.780210592592593
18000,2,200,0.07,0.712333333333333,0.78188974691358,0.781889703703704
18000,2,200,0.1,0.702,0.768244777777778,0.768244728395062
18000,2,300,0.005,0.706666666666667,0.774946333333333,0.774946308641975
18000,2,300,0.01,0.712277777777778,0.770928222222222,0.770928185185185
18000,2,300,0.03,0.718,0.784372549382716,0.784372506172839
18000,2,300,0.05,0.708166666666667,0.779855827160494,0.779855765432099
18000,2,300,0.07,0.712277777777778,0.775854771604938,0.775854716049383
18000,2,300,0.1,0.689111111111111,0.745885944444444,0.745885938271605
18000,2,400,0.005,0.709222222222222,0.779122759259259,0.779122740740741
18000,2,400,0.01,0.712722222222222,0.788038388888889,0.78803837037037
18000,2,400,0.03,0.715222222222222,0.782394450617284,0.782394432098765
18000,2,400,0.05,0.711833333333333,0.78161375308642,0.781613691358025
18000,2,400,0.07,0.709111111111111,0.764401907407407,0.764401888888889
18000,2,400,0.1,0.689833333333333,0.754843611111111,0.754843580246914
18000,2,500,0.005,0.713444444444444,0.783569771604938,0.783569740740741
18000,2,500,0.01,0.718777777777778,0.790712216049383,0.790712197530864
18000,2,500,0.03,0.719277777777778,0.791790524691358,0.791790518518519
18000,2,500,0.05,0.712944444444444,0.777664339506173,0.777664320987654
18000,2,500,0.07,0.692222222222222,0.75764662345679,0.757646592592593
18000,2,500,0.1,0.713111111111111,0.772679481481481,0.772679296296296
18000,3,100,0.005,0.707055555555556,0.773434956790123,0.773434913580247
18000,3,100,0.01,0.701277777777778,0.772599672839506,0.772599617283951
18000,3,100,0.03,0.710222222222222,0.780454166666667,0.780454135802469
18000,3,100,0.05,0.698777777777778,0.779573864197531,0.779573814814815
18000,3,100,0.07,0.701833333333333,0.781592617283951,0.781592580246914
18000,3,100,0.1,0.707666666666667,0.782244271604938,0.782244209876543
18000,3,200,0.005,0.711388888888889,0.782484308641975,0.782484271604938
18000,3,200,0.01,0.712555555555556,0.785350555555556,0.785350518518519
18000,3,200,0.03,0.713611111111111,0.786041666666667,0.786041617283951
18000,3,200,0.05,0.710666666666667,0.782714648148148,0.782714641975309
18000,3,200,0.07,0.715166666666667,0.783308358024691,0.783308308641975
18000,3,200,0.1,0.684777777777778,0.774828481481481,0.774828444444444
18000,3,300,0.005,0.712,0.784064364197531,0.784064345679012
18000,3,300,0.01,0.713888888888889,0.786362086419753,0.786362049382716
18000,3,300,0.03,0.712944444444444,0.788763401234568,0.788763395061728
18000,3,300,0.05,0.702222222222222,0.774963802469136,0.774963728395062
18000,3,300,0.07,0.680944444444444,0.783321518518519,0.783321506172839
18000,3,300,0.1,0.702444444444444,0.773125092592593,0.773125086419753
18000,3,400,0.005,0.715277777777778,0.786545425925926,0.786545395061728
18000,3,400,0.01,0.718722222222222,0.792233635802469,0.792233604938272
18000,3,400,0.03,0.714444444444444,0.785119327160494,0.785119296296296
18000,3,400,0.05,0.716333333333333,0.78800674691358,0.788006716049383
18000,3,400,0.07,0.708888888888889,0.772107641975309,0.772107617283951
18000,3,400,0.1,0.686444444444444,0.768102882716049,0.768102864197531
18000,3,500,0.005,0.715277777777778,0.789338296296296,0.789338259259259
18000,3,500,0.01,0.716,0.789838444444444,0.789838432098765
18000,3,500,0.03,0.711722222222222,0.797684796296296,0.797684765432099
18000,3,500,0.05,0.718888888888889,0.794005592592593,0.794005580246914
18000,3,500,0.07,0.718777777777778,0.788528277777778,0.788528271604938
18000,3,500,0.1,0.663333333333333,0.717828080246914,0.717828049382716
19000,1,100,0.005,0.708315789473684,0.774954249307479,0.77495420498615
19000,1,100,0.01,0.707157894736842,0.77974340166205,0.779743379501385
19000,1,100,0.03,0.714315789473684,0.784189894736842,0.784189850415512
19000,1,100,0.05,0.714157894736842,0.781981828254848,0.78198179501385
19000,1,100,0.07,0.687736842105263,0.782048925207756,0.782048897506925
19000,1,100,0.1,0.652631578947368,0.756251180055402,0.756251113573407
19000,1,200,0.005,0.711368421052632,0.781112282548476,0.781112265927978
19000,1,200,0.01,0.711736842105263,0.782274620498615,0.782274603878116
19000,1,200,0.03,0.710789473684211,0.787398869806094,0.787398825484765
19000,1,200,0.05,0.709789473684211,0.776092232686981,0.776092221606648
19000,1,200,0.07,0.717789473684211,0.788922659279778,0.788922648199446
19000,1,200,0.1,0.712526315789474,0.784244559556787,0.784244531855956
19000,1,300,0.005,0.71221052631579,0.785124027700831,0.785123988919668
19000,1,300,0.01,0.716263157894737,0.787783612188366,0.787783567867036
19000,1,300,0.03,0.714368421052632,0.786332520775623,0.786332498614958
19000,1,300,0.05,0.717842105263158,0.781844227146814,0.781844210526316
19000,1,300,0.07,0.699368421052632,0.780066797783934,0.780066781163435
19000,1,300,0.1,0.689052631578947,0.741611612188366,0.741611567867036
19000,1,400,0.005,0.714789473684211,0.786376797783934,0.786376764542936
19000,1,400,0.01,0.721789473684211,0.792803911357341,0.792803900277008
19000,1,400,0.03,0.716842105263158,0.790605900277008,0.79060588365651
19000,1,400,0.05,0.714736842105263,0.78816232132964,0.788162293628809
19000,1,400,0.07,0.705684210526316,0.783261373961219,0.783261351800554
19000,1,400,0.1,0.658947368421053,0.720139074792244,0.72013903601108
19000,1,500,0.005,0.722421052631579,0.792457218836565,0.792457185595568
19000,1,500,0.01,0.719842105263158,0.791562747922438,0.791562725761773
19000,1,500,0.03,0.717789473684211,0.786040914127424,0.786040908587258
19000,1,500,0.05,0.713526315789474,0.77288243767313,0.772882393351801
19000,1,500,0.07,0.717526315789474,0.787083745152355,0.78708372299169
19000,1,500,0.1,0.699631578947368,0.768202753462604,0.768202725761773
19000,2,100,0.005,0.706526315789474,0.776036659279778,0.776036653739612
19000,2,100,0.01,0.710263157894737,0.7803511966759,0.780351168975069
19000,2,100,0.03,0.702578947368421,0.781117573407202,0.781117551246537
19000,2,100,0.05,0.718105263157895,0.782543379501385,0.78254335734072
19000,2,100,0.07,0.711473684210526,0.781579783933518,0.781579756232687
19000,2,100,0.1,0.707473684210526,0.778947368421053,0.778947324099723
19000,2,200,0.005,0.712526315789474,0.781549495844875,0.781549484764543
19000,2,200,0.01,0.715263157894737,0.784081728531856,0.784081684210526
19000,2,200,0.03,0.719421052631579,0.787215689750693,0.787215634349031
19000,2,200,0.05,0.715263157894737,0.782610570637119,0.782610537396122
19000,2,200,0.07,0.717,0.784068072022161,0.78406804432133
19000,2,200,0.1,0.717789473684211,0.777565717451524,0.777565684210526
19000,2,300,0.005,0.718736842105263,0.784970387811634,0.784970382271468
19000,2,300,0.01,0.717894736842105,0.78742324099723,0.787423235457064
19000,2,300,0.03,0.719368421052632,0.790374421052632,0.790374382271468
19000,2,300,0.05,0.705,0.785446310249307,0.785446260387812
19000,2,300,0.07,0.71521052631579,0.782060498614958,0.782060465373961
19000,2,300,0.1,0.710263157894737,0.778607390581717,0.778607335180055
19000,2,400,0.005,0.716473684210526,0.788940393351801,0.788940365650969
19000,2,400,0.01,0.718,0.793026171745152,0.79302616066482
19000,2,400,0.03,0.715421052631579,0.790498537396122,0.790498515235457
19000,2,400,0.05,0.703684210526316,0.783256736842105,0.783256720221607
19000,2,400,0.07,0.702157894736842,0.781042775623269,0.78104271468144
19000,2,400,0.1,0.707842105263158,0.767994997229917,0.767994991689751
19000,2,500,0.005,0.723473684210526,0.791378675900277,0.791378637119114
19000,2,500,0.01,0.726157894736842,0.795704797783934,0.795704775623269
19000,2,500,0.03,0.711421052631579,0.786606808864266,0.78660675900277
19000,2,500,0.05,0.676842105263158,0.770952432132964,0.770952398891967
19000,2,500,0.07,0.715736842105263,0.776261202216067,0.776261141274238
19000,2,500,0.1,0.707,0.776709096952909,0.776709063711911
19000,3,100,0.005,0.711157894736842,0.776458692520776,0.776458659279778
19000,3,100,0.01,0.713315789473684,0.78094620498615,0.78094616066482
19000,3,100,0.03,0.716736842105263,0.784618105263158,0.784618060941828
19000,3,100,0.05,0.713736842105263,0.786752315789474,0.786752288088643
19000,3,100,0.07,0.718631578947368,0.786403063711911,0.786403024930748
19000,3,100,0.1,0.704473684210526,0.779146969529086,0.779146880886427
19000,3,200,0.005,0.717578947368421,0.784166986149584,0.784166958448754
19000,3,200,0.01,0.716894736842105,0.786100703601108,0.786100675900277
19000,3,200,0.03,0.715894736842105,0.786364077562327,0.786364055401662
19000,3,200,0.05,0.718,0.789950736842105,0.789950703601108
19000,3,200,0.07,0.688947368421053,0.774827218836565,0.774827180055402
19000,3,200,0.1,0.706526315789474,0.760535074792244,0.760535024930748
19000,3,300,0.005,0.715052631578947,0.787479301939058,0.787479268698061
19000,3,300,0.01,0.714105263157895,0.788583434903047,0.788583412742382
19000,3,300,0.03,0.722105263157895,0.790774238227147,0.79077420498615
19000,3,300,0.05,0.721947368421053,0.791573889196676,0.79157383933518
19000,3,300,0.07,0.708052631578947,0.785203047091413,0.785202969529086
19000,3,300,0.1,0.716315789473684,0.787045650969529,0.787045628808864
19000,3,400,0.005,0.719157894736842,0.787905894736842,0.787905872576177
19000,3,400,0.01,0.722368421052632,0.792735246537396,0.792735213296399
19000,3,400,0.03,0.724684210526316,0.797937257617728,0.797937218836565
19000,3,400,0.05,0.715894736842105,0.781220808864266,0.781220764542936
19000,3,400,0.07,0.709052631578947,0.779549130193906,0.779549074792244
19000,3,400,0.1,0.693526315789474,0.752086232686981,0.752086216066482
19000,3,500,0.005,0.721105263157895,0.78917655401662,0.789176542936288
19000,3,500,0.01,0.724684210526316,0.795402997229917,0.795402958448753
19000,3,500,0.03,0.703263157894737,0.785895695290859,0.78589563434903
19000,3,500,0.05,0.719631578947368,0.788711041551246,0.788711013850416
19000,3,500,0.07,0.717315789473684,0.784690337950139,0.784690315789474
19000,3,500,0.1,0.689,0.778099058171745,0.778099002770083
20000,1,100,0.005,0.70755,0.772029745,0.77202971
20000,1,100,0.01,0.7079,0.77484965,0.77484963
20000,1,100,0.03,0.70705,0.780850725,0.78085069
20000,1,100,0.05,0.71665,0.78355955,0.78355953
20000,1,100,0.07,0.7075,0.783272945,0.78327288
20000,1,100,0.1,0.70925,0.782264635,0.78226456
20000,1,200,0.005,0.71055,0.779703675,0.77970365
20000,1,200,0.01,0.71035,0.78203302,0.78203299
20000,1,200,0.03,0.7039,0.7842623,0.78426227
20000,1,200,0.05,0.71645,0.782767055,0.78276702
20000,1,200,0.07,0.71515,0.782112065,0.782112
20000,1,200,0.1,0.71105,0.772485725,0.7724857
20000,1,300,0.005,0.715,0.78290743,0.78290741
20000,1,300,0.01,0.7143,0.78674807,0.78674804
20000,1,300,0.03,0.72145,0.794195855,0.79419583
20000,1,300,0.05,0.71145,0.7804142,0.78041416
20000,1,300,0.07,0.7102,0.774258945,0.77425891
20000,1,300,0.1,0.68785,0.76124395,0.76124393
20000,1,400,0.005,0.71975,0.787196645,0.78719661
20000,1,400,0.01,0.7215,0.790176295,0.79017628
20000,1,400,0.03,0.7214,0.792044655,0.79204463
20000,1,400,0.05,0.7168,0.78798399,0.78798395
20000,1,400,0.07,0.7148,0.78041766,0.78041765
20000,1,400,0.1,0.67535,0.714044685,0.71404465
20000,1,500,0.005,0.7175,0.78601369,0.78601368
20000,1,500,0.01,0.7203,0.794206625,0.79420661
20000,1,500,0.03,0.72105,0.794749055,0.79474905
20000,1,500,0.05,0.71915,0.787796985,0.78779696
20000,1,500,0.07,0.67275,0.75568246,0.75568241
20000,1,500,0.1,0.71165,0.7752252,0.77522511
20000,2,100,0.005,0.71015,0.77757417,0.77757411
20000,2,100,0.01,0.7117,0.77939526,0.77939524
20000,2,100,0.03,0.70935,0.780190955,0.78019094
20000,2,100,0.05,0.6963,0.77955629,0.77955628
20000,2,100,0.07,0.7031,0.77950004,0.77949999
20000,2,100,0.1,0.71315,0.777518675,0.77751856
20000,2,200,0.005,0.7118,0.781335885,0.78133586
20000,2,200,0.01,0.7184,0.78455582,0.78455579
20000,2,200,0.03,0.71345,0.78475203,0.78475201
20000,2,200,0.05,0.718,0.785305085,0.78530505
20000,2,200,0.07,0.7071,0.782964465,0.78296444
20000,2,200,0.1,0.70495,0.77057816,0.77057812
20000,2,300,0.005,0.7157,0.78492066,0.78492062
20000,2,300,0.01,0.7167,0.786403105,0.78640307
20000,2,300,0.03,0.7191,0.790206095,0.79020603
20000,2,300,0.05,0.7061,0.779124325,0.7791243
20000,2,300,0.07,0.7146,0.784355205,0.78435515
20000,2,300,0.1,0.70485,0.78196488,0.78196487
20000,2,400,0.005,0.7194,0.786966605,0.7869666
20000,2,400,0.01,0.7195,0.78692871,0.7869287
20000,2,400,0.03,0.7133,0.78851631,0.78851626
20000,2,400,0.05,0.71065,0.78206407,0.78206402
20000,2,400,0.07,0.71385,0.785701585,0.78570156
20000,2,400,0.1,0.69985,0.77868601,0.77868598
20000,2,500,0.005,0.7173,0.78686723,0.78686722
20000,2,500,0.01,0.7193,0.78911441,0.78911439
20000,2,500,0.03,0.723,0.79401372,0.79401371
20000,2,500,0.05,0.7139,0.785304985,0.78530497
20000,2,500,0.07,0.7077,0.758978915,0.7589789
20000,2,500,0.1,0.7162,0.784761485,0.78476148
20000,3,100,0.005,0.7116,0.778184255,0.77818423
20000,3,100,0.01,0.71345,0.780277805,0.78027777
20000,3,100,0.03,0.71345,0.784684665,0.78468462
20000,3,100,0.05,0.71445,0.782706765,0.78270673
20000,3,100,0.07,0.69095,0.77883339,0.77883335
20000,3,100,0.1,0.7194,0.785678355,0.78567829
20000,3,200,0.005,0.7105,0.78243165,0.78243161
20000,3,200,0.01,0.71605,0.78913261,0.78913259
20000,3,200,0.03,0.70985,0.785634615,0.7856346
20000,3,200,0.05,0.7095,0.785393305,0.78539326
20000,3,200,0.07,0.7094,0.78033236,0.78033231
20000,3,200,0.1,0.71275,0.783761555,0.78376152
20000,3,300,0.005,0.7215,0.789245115,0.78924508
20000,3,300,0.01,0.7149,0.791411855,0.79141183
20000,3,300,0.03,0.72315,0.794134365,0.79413432
20000,3,300,0.05,0.70635,0.78153282,0.78153274
20000,3,300,0.07,0.7014,0.78657032,0.78657028
20000,3,300,0.1,0.71795,0.775630025,0.77563002
20000,3,400,0.005,0.72085,0.79191518,0.79191513
20000,3,400,0.01,0.7209,0.79249455,0.79249453
20000,3,400,0.03,0.717,0.79425472,0.7942547
20000,3,400,0.05,0.7146,0.787550905,0.78755089
20000,3,400,0.07,0.7035,0.770966395,0.77096638
20000,3,400,0.1,0.6667,0.749142255,0.74914222
20000,3,500,0.005,0.7206,0.79192217,0.79192215
20000,3,500,0.01,0.72505,0.799534825,0.7995348
20000,3,500,0.03,0.7288,0.80036789,0.80036788
20000,3,500,0.05,0.70815,0.79319668,0.79319666
20000,3,500,0.07,0.71575,0.78767732,0.78767725
20000,3,500,0.1,0.6623,0.748051265,0.74805122
21000,1,100,0.005,0.70552380952381,0.771431442176871,0.771431392290249
21000,1,100,0.01,0.708714285714286,0.774718136054422,0.774718095238095
21000,1,100,0.03,0.713380952380952,0.780300126984127,0.780300081632653
21000,1,100,0.05,0.712809523809524,0.780147882086168,0.780147845804989
21000,1,100,0.07,0.705428571428571,0.775030843537415,0.775030811791383
21000,1,100,0.1,0.70752380952381,0.775977537414966,0.775977487528345
21000,1,200,0.005,0.708333333333333,0.775531433106576,0.775531410430839
21000,1,200,0.01,0.712,0.778803528344671,0.778803492063492
21000,1,200,0.03,0.712428571428571,0.783409111111111,0.783409079365079
21000,1,200,0.05,0.706857142857143,0.780002394557823,0.780002367346939
